item_id,date,quantity
ITEM_0001,2025-06-14,45
ITEM_0001,2025-06-13,31
ITEM_0001,2025-06-12,36
ITEM_0001,2025-06-11,36
ITEM_0001,2025-06-10,47
ITEM_0001,2025-06-09,64
ITEM_0001,2025-06-08,48
ITEM_0001,2025-06-07,39
ITEM_0001,2025-06-06,26
ITEM_0001,2025-06-05,24
ITEM_0001,2025-06-04,34
ITEM_0001,2025-06-03,55
ITEM_0001,2025-06-02,39
ITEM_0001,2025-06-01,17
ITEM_0001,2025-05-31,28
ITEM_0001,2025-05-30,22
ITEM_0001,2025-05-29,34
ITEM_0001,2025-05-28,37
ITEM_0001,2025-05-27,20
ITEM_0001,2025-05-26,49
ITEM_0001,2025-05-25,51
ITEM_0001,2025-05-24,31
ITEM_0001,2025-05-23,26
ITEM_0001,2025-05-22,34
ITEM_0001,2025-05-21,71
ITEM_0001,2025-05-20,42
ITEM_0001,2025-05-19,43
ITEM_0001,2025-05-18,47
ITEM_0001,2025-05-17,46
ITEM_0001,2025-05-16,35
ITEM_0001,2025-05-15,33
ITEM_0001,2025-05-14,23
ITEM_0001,2025-05-13,31
ITEM_0001,2025-05-12,48
ITEM_0001,2025-05-11,39
ITEM_0001,2025-05-10,36
ITEM_0001,2025-05-09,34
ITEM_0001,2025-05-08,41
ITEM_0001,2025-05-07,37
ITEM_0001,2025-05-06,32
ITEM_0001,2025-05-05,41
ITEM_0001,2025-05-04,37
ITEM_0001,2025-05-03,44
ITEM_0001,2025-05-02,33
ITEM_0001,2025-05-01,20
ITEM_0001,2025-04-30,29
ITEM_0001,2025-04-29,27
ITEM_0001,2025-04-28,43
ITEM_0001,2025-04-27,67
ITEM_0001,2025-04-26,27
ITEM_0001,2025-04-25,36
ITEM_0001,2025-04-24,21
ITEM_0001,2025-04-23,41
ITEM_0001,2025-04-22,35
ITEM_0001,2025-04-21,45
ITEM_0001,2025-04-20,45
ITEM_0001,2025-04-19,15
ITEM_0001,2025-04-18,54
ITEM_0001,2025-04-17,39
ITEM_0001,2025-04-16,38
ITEM_0001,2025-04-15,62
ITEM_0001,2025-04-14,50
ITEM_0001,2025-04-13,36
ITEM_0001,2025-04-12,49
ITEM_0001,2025-04-11,57
ITEM_0001,2025-04-10,14
ITEM_0001,2025-04-09,49
ITEM_0001,2025-04-08,52
ITEM_0001,2025-04-07,47
ITEM_0001,2025-04-06,28
ITEM_0001,2025-04-05,27
ITEM_0001,2025-04-04,35
ITEM_0001,2025-04-03,48
ITEM_0001,2025-04-02,46
ITEM_0001,2025-04-01,46
ITEM_0001,2025-03-31,48
ITEM_0001,2025-03-30,38
ITEM_0001,2025-03-29,32
ITEM_0001,2025-03-28,34
ITEM_0001,2025-03-27,38
ITEM_0001,2025-03-26,33
ITEM_0001,2025-03-25,30
ITEM_0001,2025-03-24,47
ITEM_0001,2025-03-23,62
ITEM_0001,2025-03-22,39
ITEM_0001,2025-03-21,44
ITEM_0001,2025-03-20,44
ITEM_0001,2025-03-19,57
ITEM_0001,2025-03-18,27
ITEM_0001,2025-03-17,28
ITEM_0001,2025-03-16,41
ITEM_0001,2025-03-15,18
ITEM_0001,2025-03-14,44
ITEM_0001,2025-03-13,24
ITEM_0001,2025-03-12,28
ITEM_0001,2025-03-11,19
ITEM_0001,2025-03-10,35
ITEM_0001,2025-03-09,17
ITEM_0001,2025-03-08,38
ITEM_0001,2025-03-07,27
ITEM_0001,2025-03-06,35
ITEM_0001,2025-03-05,56
ITEM_0001,2025-03-04,36
ITEM_0001,2025-03-03,47
ITEM_0001,2025-03-02,53
ITEM_0001,2025-03-01,56
ITEM_0001,2025-02-28,38
ITEM_0001,2025-02-27,32
ITEM_0001,2025-02-26,64
ITEM_0001,2025-02-25,49
ITEM_0001,2025-02-24,52
ITEM_0001,2025-02-23,39
ITEM_0001,2025-02-22,63
ITEM_0001,2025-02-21,51
ITEM_0001,2025-02-20,38
ITEM_0001,2025-02-19,42
ITEM_0001,2025-02-18,44
ITEM_0001,2025-02-17,28
ITEM_0001,2025-02-16,25
ITEM_0001,2025-02-15,35
ITEM_0001,2025-02-14,18
ITEM_0001,2025-02-13,24
ITEM_0001,2025-02-12,31
ITEM_0001,2025-02-11,63
ITEM_0001,2025-02-10,57
ITEM_0001,2025-02-09,55
ITEM_0001,2025-02-08,47
ITEM_0001,2025-02-07,31
ITEM_0001,2025-02-06,17
ITEM_0001,2025-02-05,50
ITEM_0001,2025-02-04,29
ITEM_0001,2025-02-03,26
ITEM_0001,2025-02-02,62
ITEM_0001,2025-02-01,25
ITEM_0001,2025-01-31,69
ITEM_0001,2025-01-30,46
ITEM_0001,2025-01-29,44
ITEM_0001,2025-01-28,38
ITEM_0001,2025-01-27,45
ITEM_0001,2025-01-26,46
ITEM_0001,2025-01-25,32
ITEM_0001,2025-01-24,53
ITEM_0001,2025-01-23,51
ITEM_0001,2025-01-22,42
ITEM_0001,2025-01-21,36
ITEM_0001,2025-01-20,39
ITEM_0001,2025-01-19,24
ITEM_0001,2025-01-18,48
ITEM_0001,2025-01-17,31
ITEM_0001,2025-01-16,34
ITEM_0001,2025-01-15,23
ITEM_0001,2025-01-14,73
ITEM_0001,2025-01-13,51
ITEM_0001,2025-01-12,40
ITEM_0001,2025-01-11,38
ITEM_0001,2025-01-10,8
ITEM_0001,2025-01-09,56
ITEM_0001,2025-01-08,25
ITEM_0001,2025-01-07,54
ITEM_0001,2025-01-06,40
ITEM_0001,2025-01-05,50
ITEM_0001,2025-01-04,36
ITEM_0001,2025-01-03,37
ITEM_0001,2025-01-02,55
ITEM_0001,2025-01-01,30
ITEM_0001,2024-12-31,25
ITEM_0001,2024-12-30,46
ITEM_0001,2024-12-29,29
ITEM_0001,2024-12-28,57
ITEM_0001,2024-12-27,15
ITEM_0001,2024-12-26,25
ITEM_0001,2024-12-25,26
ITEM_0001,2024-12-24,34
ITEM_0001,2024-12-23,41
ITEM_0001,2024-12-22,26
ITEM_0001,2024-12-21,48
ITEM_0001,2024-12-20,27
ITEM_0001,2024-12-19,34
ITEM_0001,2024-12-18,29
ITEM_0001,2024-12-17,43
ITEM_0001,2024-12-16,31
ITEM_0001,2024-12-15,42
ITEM_0001,2024-12-14,53
ITEM_0001,2024-12-13,23
ITEM_0001,2024-12-12,46
ITEM_0001,2024-12-11,40
ITEM_0001,2024-12-10,34
ITEM_0001,2024-12-09,46
ITEM_0001,2024-12-08,29
ITEM_0001,2024-12-07,49
ITEM_0001,2024-12-06,43
ITEM_0001,2024-12-05,30
ITEM_0001,2024-12-04,52
ITEM_0001,2024-12-03,73
ITEM_0001,2024-12-02,46
ITEM_0001,2024-12-01,35
ITEM_0001,2024-11-30,39
ITEM_0001,2024-11-29,69
ITEM_0001,2024-11-28,48
ITEM_0001,2024-11-27,36
ITEM_0001,2024-11-26,49
ITEM_0001,2024-11-25,59
ITEM_0001,2024-11-24,57
ITEM_0001,2024-11-23,60
ITEM_0001,2024-11-22,45
ITEM_0001,2024-11-21,35
ITEM_0001,2024-11-20,73
ITEM_0001,2024-11-19,44
ITEM_0001,2024-11-18,45
ITEM_0001,2024-11-17,25
ITEM_0001,2024-11-16,33
ITEM_0001,2024-11-15,18
ITEM_0001,2024-11-14,41
ITEM_0001,2024-11-13,25
ITEM_0001,2024-11-12,44
ITEM_0001,2024-11-11,29
ITEM_0001,2024-11-10,61
ITEM_0001,2024-11-09,44
ITEM_0001,2024-11-08,29
ITEM_0001,2024-11-07,37
ITEM_0001,2024-11-06,35
ITEM_0001,2024-11-05,50
ITEM_0001,2024-11-04,28
ITEM_0001,2024-11-03,37
ITEM_0001,2024-11-02,38
ITEM_0001,2024-11-01,47
ITEM_0001,2024-10-31,52
ITEM_0001,2024-10-30,9
ITEM_0001,2024-10-29,47
ITEM_0001,2024-10-28,29
ITEM_0001,2024-10-27,24
ITEM_0001,2024-10-26,49
ITEM_0001,2024-10-25,60
ITEM_0001,2024-10-24,35
ITEM_0001,2024-10-23,38
ITEM_0001,2024-10-22,24
ITEM_0001,2024-10-21,68
ITEM_0001,2024-10-20,42
ITEM_0001,2024-10-19,40
ITEM_0001,2024-10-18,25
ITEM_0001,2024-10-17,37
ITEM_0001,2024-10-16,39
ITEM_0001,2024-10-15,74
ITEM_0001,2024-10-14,30
ITEM_0001,2024-10-13,48
ITEM_0001,2024-10-12,33
ITEM_0001,2024-10-11,45
ITEM_0001,2024-10-10,45
ITEM_0001,2024-10-09,55
ITEM_0001,2024-10-08,38
ITEM_0001,2024-10-07,40
ITEM_0001,2024-10-06,36
ITEM_0001,2024-10-05,21
ITEM_0001,2024-10-04,40
ITEM_0001,2024-10-03,42
ITEM_0001,2024-10-02,44
ITEM_0001,2024-10-01,56
ITEM_0001,2024-09-30,28
ITEM_0001,2024-09-29,28
ITEM_0001,2024-09-28,41
ITEM_0001,2024-09-27,33
ITEM_0001,2024-09-26,34
ITEM_0001,2024-09-25,41
ITEM_0001,2024-09-24,43
ITEM_0001,2024-09-23,47
ITEM_0001,2024-09-22,40
ITEM_0001,2024-09-21,58
ITEM_0001,2024-09-20,47
ITEM_0001,2024-09-19,41
ITEM_0001,2024-09-18,33
ITEM_0001,2024-09-17,45
ITEM_0001,2024-09-16,42
ITEM_0001,2024-09-15,43
ITEM_0001,2024-09-14,43
ITEM_0001,2024-09-13,51
ITEM_0001,2024-09-12,34
ITEM_0001,2024-09-11,33
ITEM_0001,2024-09-10,42
ITEM_0001,2024-09-09,49
ITEM_0001,2024-09-08,46
ITEM_0001,2024-09-07,45
ITEM_0001,2024-09-06,24
ITEM_0001,2024-09-05,33
ITEM_0001,2024-09-04,51
ITEM_0001,2024-09-03,47
ITEM_0001,2024-09-02,21
ITEM_0001,2024-09-01,23
ITEM_0001,2024-08-31,51
ITEM_0001,2024-08-30,35
ITEM_0001,2024-08-29,46
ITEM_0001,2024-08-28,26
ITEM_0001,2024-08-27,44
ITEM_0001,2024-08-26,33
ITEM_0001,2024-08-25,53
ITEM_0001,2024-08-24,34
ITEM_0001,2024-08-23,45
ITEM_0001,2024-08-22,41
ITEM_0001,2024-08-21,40
ITEM_0001,2024-08-20,59
ITEM_0001,2024-08-19,39
ITEM_0001,2024-08-18,42
ITEM_0001,2024-08-17,40
ITEM_0001,2024-08-16,51
ITEM_0001,2024-08-15,18
ITEM_0001,2024-08-14,41
ITEM_0001,2024-08-13,44
ITEM_0001,2024-08-12,18
ITEM_0001,2024-08-11,25
ITEM_0001,2024-08-10,34
ITEM_0001,2024-08-09,19
ITEM_0001,2024-08-08,47
ITEM_0001,2024-08-07,53
ITEM_0001,2024-08-06,47
ITEM_0001,2024-08-05,44
ITEM_0001,2024-08-04,36
ITEM_0001,2024-08-03,28
ITEM_0001,2024-08-02,26
ITEM_0001,2024-08-01,46
ITEM_0001,2024-07-31,44
ITEM_0001,2024-07-30,53
ITEM_0001,2024-07-29,36
ITEM_0001,2024-07-28,56
ITEM_0001,2024-07-27,34
ITEM_0001,2024-07-26,34
ITEM_0001,2024-07-25,15
ITEM_0001,2024-07-24,43
ITEM_0001,2024-07-23,24
ITEM_0001,2024-07-22,41
ITEM_0001,2024-07-21,20
ITEM_0001,2024-07-20,63
ITEM_0001,2024-07-19,61
ITEM_0001,2024-07-18,32
ITEM_0001,2024-07-17,38
ITEM_0001,2024-07-16,40
ITEM_0001,2024-07-15,65
ITEM_0001,2024-07-14,34
ITEM_0001,2024-07-13,51
ITEM_0001,2024-07-12,38
ITEM_0001,2024-07-11,33
ITEM_0001,2024-07-10,33
ITEM_0001,2024-07-09,60
ITEM_0001,2024-07-08,28
ITEM_0001,2024-07-07,50
ITEM_0001,2024-07-06,29
ITEM_0001,2024-07-05,41
ITEM_0001,2024-07-04,48
ITEM_0001,2024-07-03,22
ITEM_0001,2024-07-02,31
ITEM_0001,2024-07-01,34
ITEM_0001,2024-06-30,27
ITEM_0001,2024-06-29,48
ITEM_0001,2024-06-28,41
ITEM_0001,2024-06-27,42
ITEM_0001,2024-06-26,41
ITEM_0001,2024-06-25,35
ITEM_0001,2024-06-24,33
ITEM_0001,2024-06-23,0
ITEM_0001,2024-06-22,57
ITEM_0001,2024-06-21,31
ITEM_0001,2024-06-20,41
ITEM_0001,2024-06-19,52
ITEM_0001,2024-06-18,37
ITEM_0001,2024-06-17,40
ITEM_0001,2024-06-16,61
ITEM_0001,2024-06-15,29
ITEM_0002,2025-06-14,26
ITEM_0002,2025-06-13,10
ITEM_0002,2025-06-12,18
ITEM_0002,2025-06-11,18
ITEM_0002,2025-06-10,18
ITEM_0002,2025-06-09,18
ITEM_0002,2025-06-08,11
ITEM_0002,2025-06-07,18
ITEM_0002,2025-06-06,19
ITEM_0002,2025-06-05,31
ITEM_0002,2025-06-04,21
ITEM_0002,2025-06-03,28
ITEM_0002,2025-06-02,4
ITEM_0002,2025-06-01,27
ITEM_0002,2025-05-31,33
ITEM_0002,2025-05-30,28
ITEM_0002,2025-05-29,8
ITEM_0002,2025-05-28,25
ITEM_0002,2025-05-27,21
ITEM_0002,2025-05-26,20
ITEM_0002,2025-05-25,30
ITEM_0002,2025-05-24,28
ITEM_0002,2025-05-23,25
ITEM_0002,2025-05-22,13
ITEM_0002,2025-05-21,11
ITEM_0002,2025-05-20,24
ITEM_0002,2025-05-19,21
ITEM_0002,2025-05-18,15
ITEM_0002,2025-05-17,18
ITEM_0002,2025-05-16,27
ITEM_0002,2025-05-15,21
ITEM_0002,2025-05-14,19
ITEM_0002,2025-05-13,26
ITEM_0002,2025-05-12,20
ITEM_0002,2025-05-11,21
ITEM_0002,2025-05-10,25
ITEM_0002,2025-05-09,16
ITEM_0002,2025-05-08,20
ITEM_0002,2025-05-07,13
ITEM_0002,2025-05-06,17
ITEM_0002,2025-05-05,32
ITEM_0002,2025-05-04,19
ITEM_0002,2025-05-03,16
ITEM_0002,2025-05-02,20
ITEM_0002,2025-05-01,23
ITEM_0002,2025-04-30,17
ITEM_0002,2025-04-29,21
ITEM_0002,2025-04-28,16
ITEM_0002,2025-04-27,23
ITEM_0002,2025-04-26,15
ITEM_0002,2025-04-25,23
ITEM_0002,2025-04-24,17
ITEM_0002,2025-04-23,8
ITEM_0002,2025-04-22,17
ITEM_0002,2025-04-21,9
ITEM_0002,2025-04-20,23
ITEM_0002,2025-04-19,21
ITEM_0002,2025-04-18,13
ITEM_0002,2025-04-17,15
ITEM_0002,2025-04-16,29
ITEM_0002,2025-04-15,17
ITEM_0002,2025-04-14,4
ITEM_0002,2025-04-13,14
ITEM_0002,2025-04-12,30
ITEM_0002,2025-04-11,23
ITEM_0002,2025-04-10,23
ITEM_0002,2025-04-09,20
ITEM_0002,2025-04-08,23
ITEM_0002,2025-04-07,18
ITEM_0002,2025-04-06,21
ITEM_0002,2025-04-05,18
ITEM_0002,2025-04-04,15
ITEM_0002,2025-04-03,22
ITEM_0002,2025-04-02,18
ITEM_0002,2025-04-01,18
ITEM_0002,2025-03-31,19
ITEM_0002,2025-03-30,11
ITEM_0002,2025-03-29,18
ITEM_0002,2025-03-28,19
ITEM_0002,2025-03-27,16
ITEM_0002,2025-03-26,19
ITEM_0002,2025-03-25,14
ITEM_0002,2025-03-24,21
ITEM_0002,2025-03-23,11
ITEM_0002,2025-03-22,19
ITEM_0002,2025-03-21,8
ITEM_0002,2025-03-20,19
ITEM_0002,2025-03-19,15
ITEM_0002,2025-03-18,10
ITEM_0002,2025-03-17,14
ITEM_0002,2025-03-16,18
ITEM_0002,2025-03-15,16
ITEM_0002,2025-03-14,22
ITEM_0002,2025-03-13,12
ITEM_0002,2025-03-12,17
ITEM_0002,2025-03-11,26
ITEM_0002,2025-03-10,19
ITEM_0002,2025-03-09,17
ITEM_0002,2025-03-08,19
ITEM_0002,2025-03-07,22
ITEM_0002,2025-03-06,23
ITEM_0002,2025-03-05,27
ITEM_0002,2025-03-04,27
ITEM_0002,2025-03-03,17
ITEM_0002,2025-03-02,14
ITEM_0002,2025-03-01,17
ITEM_0002,2025-02-28,25
ITEM_0002,2025-02-27,7
ITEM_0002,2025-02-26,26
ITEM_0002,2025-02-25,13
ITEM_0002,2025-02-24,28
ITEM_0002,2025-02-23,18
ITEM_0002,2025-02-22,13
ITEM_0002,2025-02-21,17
ITEM_0002,2025-02-20,18
ITEM_0002,2025-02-19,14
ITEM_0002,2025-02-18,15
ITEM_0002,2025-02-17,7
ITEM_0002,2025-02-16,24
ITEM_0002,2025-02-15,15
ITEM_0002,2025-02-14,11
ITEM_0002,2025-02-13,21
ITEM_0002,2025-02-12,28
ITEM_0002,2025-02-11,37
ITEM_0002,2025-02-10,26
ITEM_0002,2025-02-09,27
ITEM_0002,2025-02-08,19
ITEM_0002,2025-02-07,8
ITEM_0002,2025-02-06,16
ITEM_0002,2025-02-05,23
ITEM_0002,2025-02-04,18
ITEM_0002,2025-02-03,17
ITEM_0002,2025-02-02,11
ITEM_0002,2025-02-01,19
ITEM_0002,2025-01-31,13
ITEM_0002,2025-01-30,15
ITEM_0002,2025-01-29,21
ITEM_0002,2025-01-28,1
ITEM_0002,2025-01-27,13
ITEM_0002,2025-01-26,21
ITEM_0002,2025-01-25,10
ITEM_0002,2025-01-24,21
ITEM_0002,2025-01-23,21
ITEM_0002,2025-01-22,11
ITEM_0002,2025-01-21,24
ITEM_0002,2025-01-20,12
ITEM_0002,2025-01-19,16
ITEM_0002,2025-01-18,23
ITEM_0002,2025-01-17,22
ITEM_0002,2025-01-16,17
ITEM_0002,2025-01-15,17
ITEM_0002,2025-01-14,22
ITEM_0002,2025-01-13,27
ITEM_0002,2025-01-12,24
ITEM_0002,2025-01-11,19
ITEM_0002,2025-01-10,13
ITEM_0002,2025-01-09,15
ITEM_0002,2025-01-08,21
ITEM_0002,2025-01-07,8
ITEM_0002,2025-01-06,19
ITEM_0002,2025-01-05,9
ITEM_0002,2025-01-04,25
ITEM_0002,2025-01-03,23
ITEM_0002,2025-01-02,26
ITEM_0002,2025-01-01,15
ITEM_0002,2024-12-31,13
ITEM_0002,2024-12-30,14
ITEM_0002,2024-12-29,33
ITEM_0002,2024-12-28,7
ITEM_0002,2024-12-27,14
ITEM_0002,2024-12-26,8
ITEM_0002,2024-12-25,24
ITEM_0002,2024-12-24,10
ITEM_0002,2024-12-23,17
ITEM_0002,2024-12-22,19
ITEM_0002,2024-12-21,16
ITEM_0002,2024-12-20,3
ITEM_0002,2024-12-19,18
ITEM_0002,2024-12-18,10
ITEM_0002,2024-12-17,13
ITEM_0002,2024-12-16,17
ITEM_0002,2024-12-15,23
ITEM_0002,2024-12-14,15
ITEM_0002,2024-12-13,31
ITEM_0002,2024-12-12,19
ITEM_0002,2024-12-11,25
ITEM_0002,2024-12-10,21
ITEM_0002,2024-12-09,25
ITEM_0002,2024-12-08,33
ITEM_0002,2024-12-07,19
ITEM_0002,2024-12-06,23
ITEM_0002,2024-12-05,21
ITEM_0002,2024-12-04,17
ITEM_0002,2024-12-03,18
ITEM_0002,2024-12-02,26
ITEM_0002,2024-12-01,20
ITEM_0002,2024-11-30,8
ITEM_0002,2024-11-29,22
ITEM_0002,2024-11-28,2
ITEM_0002,2024-11-27,27
ITEM_0002,2024-11-26,20
ITEM_0002,2024-11-25,15
ITEM_0002,2024-11-24,17
ITEM_0002,2024-11-23,19
ITEM_0002,2024-11-22,17
ITEM_0002,2024-11-21,17
ITEM_0002,2024-11-20,12
ITEM_0002,2024-11-19,19
ITEM_0002,2024-11-18,22
ITEM_0002,2024-11-17,27
ITEM_0002,2024-11-16,15
ITEM_0002,2024-11-15,12
ITEM_0002,2024-11-14,19
ITEM_0002,2024-11-13,14
ITEM_0002,2024-11-12,22
ITEM_0002,2024-11-11,11
ITEM_0002,2024-11-10,15
ITEM_0002,2024-11-09,9
ITEM_0002,2024-11-08,17
ITEM_0002,2024-11-07,36
ITEM_0002,2024-11-06,12
ITEM_0002,2024-11-05,22
ITEM_0002,2024-11-04,14
ITEM_0002,2024-11-03,23
ITEM_0002,2024-11-02,28
ITEM_0002,2024-11-01,19
ITEM_0002,2024-10-31,18
ITEM_0002,2024-10-30,21
ITEM_0002,2024-10-29,25
ITEM_0002,2024-10-28,18
ITEM_0002,2024-10-27,28
ITEM_0002,2024-10-26,20
ITEM_0002,2024-10-25,15
ITEM_0002,2024-10-24,21
ITEM_0002,2024-10-23,14
ITEM_0002,2024-10-22,21
ITEM_0002,2024-10-21,18
ITEM_0002,2024-10-20,18
ITEM_0002,2024-10-19,16
ITEM_0002,2024-10-18,14
ITEM_0002,2024-10-17,18
ITEM_0002,2024-10-16,9
ITEM_0002,2024-10-15,19
ITEM_0002,2024-10-14,26
ITEM_0002,2024-10-13,18
ITEM_0002,2024-10-12,27
ITEM_0002,2024-10-11,22
ITEM_0002,2024-10-10,20
ITEM_0002,2024-10-09,16
ITEM_0002,2024-10-08,22
ITEM_0002,2024-10-07,25
ITEM_0002,2024-10-06,22
ITEM_0002,2024-10-05,24
ITEM_0002,2024-10-04,14
ITEM_0002,2024-10-03,18
ITEM_0002,2024-10-02,20
ITEM_0002,2024-10-01,14
ITEM_0002,2024-09-30,15
ITEM_0002,2024-09-29,24
ITEM_0002,2024-09-28,20
ITEM_0002,2024-09-27,19
ITEM_0002,2024-09-26,19
ITEM_0002,2024-09-25,14
ITEM_0002,2024-09-24,20
ITEM_0002,2024-09-23,10
ITEM_0002,2024-09-22,25
ITEM_0002,2024-09-21,16
ITEM_0002,2024-09-20,20
ITEM_0002,2024-09-19,22
ITEM_0002,2024-09-18,24
ITEM_0002,2024-09-17,9
ITEM_0002,2024-09-16,14
ITEM_0002,2024-09-15,15
ITEM_0002,2024-09-14,19
ITEM_0002,2024-09-13,16
ITEM_0002,2024-09-12,30
ITEM_0002,2024-09-11,14
ITEM_0002,2024-09-10,20
ITEM_0002,2024-09-09,12
ITEM_0002,2024-09-08,15
ITEM_0002,2024-09-07,18
ITEM_0002,2024-09-06,17
ITEM_0002,2024-09-05,15
ITEM_0002,2024-09-04,25
ITEM_0002,2024-09-03,24
ITEM_0002,2024-09-02,25
ITEM_0002,2024-09-01,18
ITEM_0002,2024-08-31,27
ITEM_0002,2024-08-30,24
ITEM_0002,2024-08-29,12
ITEM_0002,2024-08-28,12
ITEM_0002,2024-08-27,17
ITEM_0002,2024-08-26,15
ITEM_0002,2024-08-25,18
ITEM_0002,2024-08-24,21
ITEM_0002,2024-08-23,25
ITEM_0002,2024-08-22,9
ITEM_0002,2024-08-21,27
ITEM_0002,2024-08-20,17
ITEM_0002,2024-08-19,13
ITEM_0002,2024-08-18,16
ITEM_0002,2024-08-17,23
ITEM_0002,2024-08-16,28
ITEM_0002,2024-08-15,23
ITEM_0002,2024-08-14,34
ITEM_0002,2024-08-13,10
ITEM_0002,2024-08-12,16
ITEM_0002,2024-08-11,24
ITEM_0002,2024-08-10,10
ITEM_0002,2024-08-09,18
ITEM_0002,2024-08-08,27
ITEM_0002,2024-08-07,22
ITEM_0002,2024-08-06,29
ITEM_0002,2024-08-05,19
ITEM_0002,2024-08-04,19
ITEM_0002,2024-08-03,9
ITEM_0002,2024-08-02,10
ITEM_0002,2024-08-01,20
ITEM_0002,2024-07-31,20
ITEM_0002,2024-07-30,23
ITEM_0002,2024-07-29,8
ITEM_0002,2024-07-28,15
ITEM_0002,2024-07-27,21
ITEM_0002,2024-07-26,16
ITEM_0002,2024-07-25,17
ITEM_0002,2024-07-24,16
ITEM_0002,2024-07-23,19
ITEM_0002,2024-07-22,23
ITEM_0002,2024-07-21,21
ITEM_0002,2024-07-20,20
ITEM_0002,2024-07-19,24
ITEM_0002,2024-07-18,16
ITEM_0002,2024-07-17,11
ITEM_0002,2024-07-16,18
ITEM_0002,2024-07-15,15
ITEM_0002,2024-07-14,21
ITEM_0002,2024-07-13,17
ITEM_0002,2024-07-12,16
ITEM_0002,2024-07-11,25
ITEM_0002,2024-07-10,24
ITEM_0002,2024-07-09,4
ITEM_0002,2024-07-08,18
ITEM_0002,2024-07-07,25
ITEM_0002,2024-07-06,16
ITEM_0002,2024-07-05,16
ITEM_0002,2024-07-04,23
ITEM_0002,2024-07-03,28
ITEM_0002,2024-07-02,26
ITEM_0002,2024-07-01,17
ITEM_0002,2024-06-30,24
ITEM_0002,2024-06-29,22
ITEM_0002,2024-06-28,15
ITEM_0002,2024-06-27,19
ITEM_0002,2024-06-26,19
ITEM_0002,2024-06-25,21
ITEM_0002,2024-06-24,18
ITEM_0002,2024-06-23,25
ITEM_0002,2024-06-22,22
ITEM_0002,2024-06-21,18
ITEM_0002,2024-06-20,18
ITEM_0002,2024-06-19,22
ITEM_0002,2024-06-18,21
ITEM_0002,2024-06-17,10
ITEM_0002,2024-06-16,18
ITEM_0002,2024-06-15,21
ITEM_0003,2025-06-14,22
ITEM_0003,2025-06-13,37
ITEM_0003,2025-06-12,25
ITEM_0003,2025-06-11,11
ITEM_0003,2025-06-10,10
ITEM_0003,2025-06-09,27
ITEM_0003,2025-06-08,35
ITEM_0003,2025-06-07,28
ITEM_0003,2025-06-06,22
ITEM_0003,2025-06-05,22
ITEM_0003,2025-06-04,34
ITEM_0003,2025-06-03,14
ITEM_0003,2025-06-02,33
ITEM_0003,2025-06-01,13
ITEM_0003,2025-05-31,27
ITEM_0003,2025-05-30,21
ITEM_0003,2025-05-29,17
ITEM_0003,2025-05-28,36
ITEM_0003,2025-05-27,32
ITEM_0003,2025-05-26,36
ITEM_0003,2025-05-25,9
ITEM_0003,2025-05-24,23
ITEM_0003,2025-05-23,25
ITEM_0003,2025-05-22,20
ITEM_0003,2025-05-21,8
ITEM_0003,2025-05-20,17
ITEM_0003,2025-05-19,15
ITEM_0003,2025-05-18,25
ITEM_0003,2025-05-17,26
ITEM_0003,2025-05-16,38
ITEM_0003,2025-05-15,24
ITEM_0003,2025-05-14,31
ITEM_0003,2025-05-13,13
ITEM_0003,2025-05-12,21
ITEM_0003,2025-05-11,13
ITEM_0003,2025-05-10,24
ITEM_0003,2025-05-09,31
ITEM_0003,2025-05-08,21
ITEM_0003,2025-05-07,25
ITEM_0003,2025-05-06,25
ITEM_0003,2025-05-05,16
ITEM_0003,2025-05-04,29
ITEM_0003,2025-05-03,19
ITEM_0003,2025-05-02,25
ITEM_0003,2025-05-01,23
ITEM_0003,2025-04-30,18
ITEM_0003,2025-04-29,24
ITEM_0003,2025-04-28,13
ITEM_0003,2025-04-27,31
ITEM_0003,2025-04-26,23
ITEM_0003,2025-04-25,31
ITEM_0003,2025-04-24,25
ITEM_0003,2025-04-23,32
ITEM_0003,2025-04-22,30
ITEM_0003,2025-04-21,29
ITEM_0003,2025-04-20,16
ITEM_0003,2025-04-19,18
ITEM_0003,2025-04-18,10
ITEM_0003,2025-04-17,21
ITEM_0003,2025-04-16,15
ITEM_0003,2025-04-15,34
ITEM_0003,2025-04-14,16
ITEM_0003,2025-04-13,34
ITEM_0003,2025-04-12,34
ITEM_0003,2025-04-11,22
ITEM_0003,2025-04-10,27
ITEM_0003,2025-04-09,18
ITEM_0003,2025-04-08,19
ITEM_0003,2025-04-07,33
ITEM_0003,2025-04-06,17
ITEM_0003,2025-04-05,19
ITEM_0003,2025-04-04,17
ITEM_0003,2025-04-03,27
ITEM_0003,2025-04-02,17
ITEM_0003,2025-04-01,24
ITEM_0003,2025-03-31,24
ITEM_0003,2025-03-30,32
ITEM_0003,2025-03-29,17
ITEM_0003,2025-03-28,11
ITEM_0003,2025-03-27,22
ITEM_0003,2025-03-26,23
ITEM_0003,2025-03-25,20
ITEM_0003,2025-03-24,24
ITEM_0003,2025-03-23,23
ITEM_0003,2025-03-22,36
ITEM_0003,2025-03-21,23
ITEM_0003,2025-03-20,23
ITEM_0003,2025-03-19,21
ITEM_0003,2025-03-18,13
ITEM_0003,2025-03-17,20
ITEM_0003,2025-03-16,34
ITEM_0003,2025-03-15,32
ITEM_0003,2025-03-14,26
ITEM_0003,2025-03-13,20
ITEM_0003,2025-03-12,26
ITEM_0003,2025-03-11,36
ITEM_0003,2025-03-10,25
ITEM_0003,2025-03-09,25
ITEM_0003,2025-03-08,35
ITEM_0003,2025-03-07,21
ITEM_0003,2025-03-06,23
ITEM_0003,2025-03-05,20
ITEM_0003,2025-03-04,23
ITEM_0003,2025-03-03,17
ITEM_0003,2025-03-02,23
ITEM_0003,2025-03-01,14
ITEM_0003,2025-02-28,20
ITEM_0003,2025-02-27,28
ITEM_0003,2025-02-26,28
ITEM_0003,2025-02-25,18
ITEM_0003,2025-02-24,23
ITEM_0003,2025-02-23,26
ITEM_0003,2025-02-22,21
ITEM_0003,2025-02-21,20
ITEM_0003,2025-02-20,21
ITEM_0003,2025-02-19,22
ITEM_0003,2025-02-18,24
ITEM_0003,2025-02-17,16
ITEM_0003,2025-02-16,23
ITEM_0003,2025-02-15,29
ITEM_0003,2025-02-14,32
ITEM_0003,2025-02-13,11
ITEM_0003,2025-02-12,30
ITEM_0003,2025-02-11,16
ITEM_0003,2025-02-10,21
ITEM_0003,2025-02-09,21
ITEM_0003,2025-02-08,31
ITEM_0003,2025-02-07,30
ITEM_0003,2025-02-06,8
ITEM_0003,2025-02-05,24
ITEM_0003,2025-02-04,16
ITEM_0003,2025-02-03,23
ITEM_0003,2025-02-02,21
ITEM_0003,2025-02-01,7
ITEM_0003,2025-01-31,20
ITEM_0003,2025-01-30,14
ITEM_0003,2025-01-29,11
ITEM_0003,2025-01-28,26
ITEM_0003,2025-01-27,14
ITEM_0003,2025-01-26,22
ITEM_0003,2025-01-25,30
ITEM_0003,2025-01-24,18
ITEM_0003,2025-01-23,37
ITEM_0003,2025-01-22,11
ITEM_0003,2025-01-21,27
ITEM_0003,2025-01-20,21
ITEM_0003,2025-01-19,27
ITEM_0003,2025-01-18,24
ITEM_0003,2025-01-17,17
ITEM_0003,2025-01-16,14
ITEM_0003,2025-01-15,33
ITEM_0003,2025-01-14,19
ITEM_0003,2025-01-13,28
ITEM_0003,2025-01-12,30
ITEM_0003,2025-01-11,35
ITEM_0003,2025-01-10,22
ITEM_0003,2025-01-09,19
ITEM_0003,2025-01-08,22
ITEM_0003,2025-01-07,22
ITEM_0003,2025-01-06,23
ITEM_0003,2025-01-05,24
ITEM_0003,2025-01-04,26
ITEM_0003,2025-01-03,23
ITEM_0003,2025-01-02,27
ITEM_0003,2025-01-01,24
ITEM_0003,2024-12-31,28
ITEM_0003,2024-12-30,14
ITEM_0003,2024-12-29,18
ITEM_0003,2024-12-28,20
ITEM_0003,2024-12-27,18
ITEM_0003,2024-12-26,16
ITEM_0003,2024-12-25,9
ITEM_0003,2024-12-24,24
ITEM_0003,2024-12-23,16
ITEM_0003,2024-12-22,22
ITEM_0003,2024-12-21,12
ITEM_0003,2024-12-20,14
ITEM_0003,2024-12-19,21
ITEM_0003,2024-12-18,23
ITEM_0003,2024-12-17,35
ITEM_0003,2024-12-16,27
ITEM_0003,2024-12-15,21
ITEM_0003,2024-12-14,28
ITEM_0003,2024-12-13,15
ITEM_0003,2024-12-12,18
ITEM_0003,2024-12-11,23
ITEM_0003,2024-12-10,28
ITEM_0003,2024-12-09,28
ITEM_0003,2024-12-08,21
ITEM_0003,2024-12-07,38
ITEM_0003,2024-12-06,36
ITEM_0003,2024-12-05,28
ITEM_0003,2024-12-04,19
ITEM_0003,2024-12-03,28
ITEM_0003,2024-12-02,28
ITEM_0003,2024-12-01,32
ITEM_0003,2024-11-30,34
ITEM_0003,2024-11-29,22
ITEM_0003,2024-11-28,15
ITEM_0003,2024-11-27,29
ITEM_0003,2024-11-26,18
ITEM_0003,2024-11-25,32
ITEM_0003,2024-11-24,19
ITEM_0003,2024-11-23,20
ITEM_0003,2024-11-22,29
ITEM_0003,2024-11-21,26
ITEM_0003,2024-11-20,17
ITEM_0003,2024-11-19,24
ITEM_0003,2024-11-18,31
ITEM_0003,2024-11-17,19
ITEM_0003,2024-11-16,23
ITEM_0003,2024-11-15,31
ITEM_0003,2024-11-14,28
ITEM_0003,2024-11-13,24
ITEM_0003,2024-11-12,19
ITEM_0003,2024-11-11,21
ITEM_0003,2024-11-10,23
ITEM_0003,2024-11-09,25
ITEM_0003,2024-11-08,18
ITEM_0003,2024-11-07,15
ITEM_0003,2024-11-06,12
ITEM_0003,2024-11-05,30
ITEM_0003,2024-11-04,27
ITEM_0003,2024-11-03,18
ITEM_0003,2024-11-02,18
ITEM_0003,2024-11-01,21
ITEM_0003,2024-10-31,28
ITEM_0003,2024-10-30,29
ITEM_0003,2024-10-29,19
ITEM_0003,2024-10-28,27
ITEM_0003,2024-10-27,22
ITEM_0003,2024-10-26,30
ITEM_0003,2024-10-25,25
ITEM_0003,2024-10-24,29
ITEM_0003,2024-10-23,23
ITEM_0003,2024-10-22,21
ITEM_0003,2024-10-21,20
ITEM_0003,2024-10-20,21
ITEM_0003,2024-10-19,26
ITEM_0003,2024-10-18,27
ITEM_0003,2024-10-17,17
ITEM_0003,2024-10-16,26
ITEM_0003,2024-10-15,36
ITEM_0003,2024-10-14,14
ITEM_0003,2024-10-13,27
ITEM_0003,2024-10-12,18
ITEM_0003,2024-10-11,26
ITEM_0003,2024-10-10,31
ITEM_0003,2024-10-09,20
ITEM_0003,2024-10-08,31
ITEM_0003,2024-10-07,30
ITEM_0003,2024-10-06,19
ITEM_0003,2024-10-05,33
ITEM_0003,2024-10-04,16
ITEM_0003,2024-10-03,12
ITEM_0003,2024-10-02,21
ITEM_0003,2024-10-01,22
ITEM_0003,2024-09-30,22
ITEM_0003,2024-09-29,41
ITEM_0003,2024-09-28,23
ITEM_0003,2024-09-27,22
ITEM_0003,2024-09-26,13
ITEM_0003,2024-09-25,28
ITEM_0003,2024-09-24,10
ITEM_0003,2024-09-23,13
ITEM_0003,2024-09-22,29
ITEM_0003,2024-09-21,48
ITEM_0003,2024-09-20,13
ITEM_0003,2024-09-19,25
ITEM_0003,2024-09-18,21
ITEM_0003,2024-09-17,26
ITEM_0003,2024-09-16,30
ITEM_0003,2024-09-15,20
ITEM_0003,2024-09-14,7
ITEM_0003,2024-09-13,31
ITEM_0003,2024-09-12,24
ITEM_0003,2024-09-11,28
ITEM_0003,2024-09-10,35
ITEM_0003,2024-09-09,21
ITEM_0003,2024-09-08,22
ITEM_0003,2024-09-07,11
ITEM_0003,2024-09-06,22
ITEM_0003,2024-09-05,16
ITEM_0003,2024-09-04,16
ITEM_0003,2024-09-03,28
ITEM_0003,2024-09-02,19
ITEM_0003,2024-09-01,19
ITEM_0003,2024-08-31,16
ITEM_0003,2024-08-30,24
ITEM_0003,2024-08-29,16
ITEM_0003,2024-08-28,29
ITEM_0003,2024-08-27,13
ITEM_0003,2024-08-26,17
ITEM_0003,2024-08-25,11
ITEM_0003,2024-08-24,15
ITEM_0003,2024-08-23,10
ITEM_0003,2024-08-22,26
ITEM_0003,2024-08-21,14
ITEM_0003,2024-08-20,27
ITEM_0003,2024-08-19,25
ITEM_0003,2024-08-18,25
ITEM_0003,2024-08-17,1
ITEM_0003,2024-08-16,10
ITEM_0003,2024-08-15,25
ITEM_0003,2024-08-14,18
ITEM_0003,2024-08-13,27
ITEM_0003,2024-08-12,25
ITEM_0003,2024-08-11,16
ITEM_0003,2024-08-10,24
ITEM_0003,2024-08-09,14
ITEM_0003,2024-08-08,18
ITEM_0003,2024-08-07,34
ITEM_0003,2024-08-06,17
ITEM_0003,2024-08-05,27
ITEM_0003,2024-08-04,21
ITEM_0003,2024-08-03,26
ITEM_0003,2024-08-02,20
ITEM_0003,2024-08-01,19
ITEM_0003,2024-07-31,22
ITEM_0003,2024-07-30,31
ITEM_0003,2024-07-29,29
ITEM_0003,2024-07-28,19
ITEM_0003,2024-07-27,19
ITEM_0003,2024-07-26,12
ITEM_0003,2024-07-25,20
ITEM_0003,2024-07-24,18
ITEM_0003,2024-07-23,27
ITEM_0003,2024-07-22,25
ITEM_0003,2024-07-21,25
ITEM_0003,2024-07-20,34
ITEM_0003,2024-07-19,21
ITEM_0003,2024-07-18,27
ITEM_0003,2024-07-17,24
ITEM_0003,2024-07-16,19
ITEM_0003,2024-07-15,17
ITEM_0003,2024-07-14,23
ITEM_0003,2024-07-13,11
ITEM_0003,2024-07-12,13
ITEM_0003,2024-07-11,27
ITEM_0003,2024-07-10,19
ITEM_0003,2024-07-09,27
ITEM_0003,2024-07-08,19
ITEM_0003,2024-07-07,31
ITEM_0003,2024-07-06,31
ITEM_0003,2024-07-05,16
ITEM_0003,2024-07-04,19
ITEM_0003,2024-07-03,36
ITEM_0003,2024-07-02,27
ITEM_0003,2024-07-01,26
ITEM_0003,2024-06-30,18
ITEM_0003,2024-06-29,24
ITEM_0003,2024-06-28,11
ITEM_0003,2024-06-27,22
ITEM_0003,2024-06-26,20
ITEM_0003,2024-06-25,16
ITEM_0003,2024-06-24,25
ITEM_0003,2024-06-23,27
ITEM_0003,2024-06-22,19
ITEM_0003,2024-06-21,2
ITEM_0003,2024-06-20,24
ITEM_0003,2024-06-19,18
ITEM_0003,2024-06-18,26
ITEM_0003,2024-06-17,21
ITEM_0003,2024-06-16,29
ITEM_0003,2024-06-15,16
ITEM_0004,2025-06-14,43
ITEM_0004,2025-06-13,36
ITEM_0004,2025-06-12,60
ITEM_0004,2025-06-11,31
ITEM_0004,2025-06-10,40
ITEM_0004,2025-06-09,38
ITEM_0004,2025-06-08,38
ITEM_0004,2025-06-07,30
ITEM_0004,2025-06-06,27
ITEM_0004,2025-06-05,32
ITEM_0004,2025-06-04,46
ITEM_0004,2025-06-03,49
ITEM_0004,2025-06-02,35
ITEM_0004,2025-06-01,43
ITEM_0004,2025-05-31,30
ITEM_0004,2025-05-30,25
ITEM_0004,2025-05-29,21
ITEM_0004,2025-05-28,37
ITEM_0004,2025-05-27,39
ITEM_0004,2025-05-26,34
ITEM_0004,2025-05-25,11
ITEM_0004,2025-05-24,12
ITEM_0004,2025-05-23,36
ITEM_0004,2025-05-22,37
ITEM_0004,2025-05-21,49
ITEM_0004,2025-05-20,39
ITEM_0004,2025-05-19,40
ITEM_0004,2025-05-18,34
ITEM_0004,2025-05-17,45
ITEM_0004,2025-05-16,32
ITEM_0004,2025-05-15,45
ITEM_0004,2025-05-14,19
ITEM_0004,2025-05-13,40
ITEM_0004,2025-05-12,15
ITEM_0004,2025-05-11,31
ITEM_0004,2025-05-10,30
ITEM_0004,2025-05-09,27
ITEM_0004,2025-05-08,49
ITEM_0004,2025-05-07,35
ITEM_0004,2025-05-06,37
ITEM_0004,2025-05-05,22
ITEM_0004,2025-05-04,35
ITEM_0004,2025-05-03,10
ITEM_0004,2025-05-02,16
ITEM_0004,2025-05-01,59
ITEM_0004,2025-04-30,44
ITEM_0004,2025-04-29,31
ITEM_0004,2025-04-28,42
ITEM_0004,2025-04-27,24
ITEM_0004,2025-04-26,37
ITEM_0004,2025-04-25,56
ITEM_0004,2025-04-24,41
ITEM_0004,2025-04-23,36
ITEM_0004,2025-04-22,39
ITEM_0004,2025-04-21,28
ITEM_0004,2025-04-20,52
ITEM_0004,2025-04-19,40
ITEM_0004,2025-04-18,5
ITEM_0004,2025-04-17,36
ITEM_0004,2025-04-16,13
ITEM_0004,2025-04-15,29
ITEM_0004,2025-04-14,45
ITEM_0004,2025-04-13,41
ITEM_0004,2025-04-12,36
ITEM_0004,2025-04-11,38
ITEM_0004,2025-04-10,28
ITEM_0004,2025-04-09,25
ITEM_0004,2025-04-08,32
ITEM_0004,2025-04-07,26
ITEM_0004,2025-04-06,31
ITEM_0004,2025-04-05,54
ITEM_0004,2025-04-04,51
ITEM_0004,2025-04-03,28
ITEM_0004,2025-04-02,24
ITEM_0004,2025-04-01,22
ITEM_0004,2025-03-31,36
ITEM_0004,2025-03-30,22
ITEM_0004,2025-03-29,43
ITEM_0004,2025-03-28,31
ITEM_0004,2025-03-27,9
ITEM_0004,2025-03-26,37
ITEM_0004,2025-03-25,38
ITEM_0004,2025-03-24,44
ITEM_0004,2025-03-23,28
ITEM_0004,2025-03-22,20
ITEM_0004,2025-03-21,49
ITEM_0004,2025-03-20,15
ITEM_0004,2025-03-19,35
ITEM_0004,2025-03-18,56
ITEM_0004,2025-03-17,24
ITEM_0004,2025-03-16,29
ITEM_0004,2025-03-15,36
ITEM_0004,2025-03-14,18
ITEM_0004,2025-03-13,41
ITEM_0004,2025-03-12,43
ITEM_0004,2025-03-11,42
ITEM_0004,2025-03-10,28
ITEM_0004,2025-03-09,33
ITEM_0004,2025-03-08,34
ITEM_0004,2025-03-07,48
ITEM_0004,2025-03-06,20
ITEM_0004,2025-03-05,20
ITEM_0004,2025-03-04,36
ITEM_0004,2025-03-03,29
ITEM_0004,2025-03-02,30
ITEM_0004,2025-03-01,28
ITEM_0004,2025-02-28,9
ITEM_0004,2025-02-27,39
ITEM_0004,2025-02-26,48
ITEM_0004,2025-02-25,39
ITEM_0004,2025-02-24,33
ITEM_0004,2025-02-23,24
ITEM_0004,2025-02-22,35
ITEM_0004,2025-02-21,30
ITEM_0004,2025-02-20,37
ITEM_0004,2025-02-19,24
ITEM_0004,2025-02-18,33
ITEM_0004,2025-02-17,22
ITEM_0004,2025-02-16,28
ITEM_0004,2025-02-15,13
ITEM_0004,2025-02-14,30
ITEM_0004,2025-02-13,21
ITEM_0004,2025-02-12,31
ITEM_0004,2025-02-11,33
ITEM_0004,2025-02-10,32
ITEM_0004,2025-02-09,32
ITEM_0004,2025-02-08,15
ITEM_0004,2025-02-07,13
ITEM_0004,2025-02-06,32
ITEM_0004,2025-02-05,16
ITEM_0004,2025-02-04,20
ITEM_0004,2025-02-03,42
ITEM_0004,2025-02-02,30
ITEM_0004,2025-02-01,30
ITEM_0004,2025-01-31,39
ITEM_0004,2025-01-30,52
ITEM_0004,2025-01-29,23
ITEM_0004,2025-01-28,30
ITEM_0004,2025-01-27,28
ITEM_0004,2025-01-26,33
ITEM_0004,2025-01-25,38
ITEM_0004,2025-01-24,39
ITEM_0004,2025-01-23,52
ITEM_0004,2025-01-22,31
ITEM_0004,2025-01-21,44
ITEM_0004,2025-01-20,18
ITEM_0004,2025-01-19,47
ITEM_0004,2025-01-18,36
ITEM_0004,2025-01-17,26
ITEM_0004,2025-01-16,29
ITEM_0004,2025-01-15,29
ITEM_0004,2025-01-14,32
ITEM_0004,2025-01-13,21
ITEM_0004,2025-01-12,38
ITEM_0004,2025-01-11,28
ITEM_0004,2025-01-10,34
ITEM_0004,2025-01-09,36
ITEM_0004,2025-01-08,22
ITEM_0004,2025-01-07,31
ITEM_0004,2025-01-06,33
ITEM_0004,2025-01-05,40
ITEM_0004,2025-01-04,26
ITEM_0004,2025-01-03,35
ITEM_0004,2025-01-02,50
ITEM_0004,2025-01-01,41
ITEM_0004,2024-12-31,34
ITEM_0004,2024-12-30,32
ITEM_0004,2024-12-29,37
ITEM_0004,2024-12-28,44
ITEM_0004,2024-12-27,34
ITEM_0004,2024-12-26,22
ITEM_0004,2024-12-25,33
ITEM_0004,2024-12-24,24
ITEM_0004,2024-12-23,55
ITEM_0004,2024-12-22,45
ITEM_0004,2024-12-21,39
ITEM_0004,2024-12-20,37
ITEM_0004,2024-12-19,36
ITEM_0004,2024-12-18,31
ITEM_0004,2024-12-17,36
ITEM_0004,2024-12-16,39
ITEM_0004,2024-12-15,25
ITEM_0004,2024-12-14,20
ITEM_0004,2024-12-13,43
ITEM_0004,2024-12-12,25
ITEM_0004,2024-12-11,26
ITEM_0004,2024-12-10,36
ITEM_0004,2024-12-09,30
ITEM_0004,2024-12-08,28
ITEM_0004,2024-12-07,52
ITEM_0004,2024-12-06,26
ITEM_0004,2024-12-05,31
ITEM_0004,2024-12-04,40
ITEM_0004,2024-12-03,28
ITEM_0004,2024-12-02,46
ITEM_0004,2024-12-01,21
ITEM_0004,2024-11-30,45
ITEM_0004,2024-11-29,40
ITEM_0004,2024-11-28,28
ITEM_0004,2024-11-27,18
ITEM_0004,2024-11-26,34
ITEM_0004,2024-11-25,28
ITEM_0004,2024-11-24,27
ITEM_0004,2024-11-23,43
ITEM_0004,2024-11-22,25
ITEM_0004,2024-11-21,30
ITEM_0004,2024-11-20,13
ITEM_0004,2024-11-19,32
ITEM_0004,2024-11-18,17
ITEM_0004,2024-11-17,25
ITEM_0004,2024-11-16,20
ITEM_0004,2024-11-15,38
ITEM_0004,2024-11-14,39
ITEM_0004,2024-11-13,27
ITEM_0004,2024-11-12,37
ITEM_0004,2024-11-11,24
ITEM_0004,2024-11-10,28
ITEM_0004,2024-11-09,37
ITEM_0004,2024-11-08,26
ITEM_0004,2024-11-07,35
ITEM_0004,2024-11-06,32
ITEM_0004,2024-11-05,28
ITEM_0004,2024-11-04,42
ITEM_0004,2024-11-03,36
ITEM_0004,2024-11-02,36
ITEM_0004,2024-11-01,45
ITEM_0004,2024-10-31,41
ITEM_0004,2024-10-30,34
ITEM_0004,2024-10-29,29
ITEM_0004,2024-10-28,32
ITEM_0004,2024-10-27,41
ITEM_0004,2024-10-26,31
ITEM_0004,2024-10-25,46
ITEM_0004,2024-10-24,36
ITEM_0004,2024-10-23,54
ITEM_0004,2024-10-22,19
ITEM_0004,2024-10-21,39
ITEM_0004,2024-10-20,34
ITEM_0004,2024-10-19,28
ITEM_0004,2024-10-18,33
ITEM_0004,2024-10-17,26
ITEM_0004,2024-10-16,42
ITEM_0004,2024-10-15,19
ITEM_0004,2024-10-14,22
ITEM_0004,2024-10-13,40
ITEM_0004,2024-10-12,46
ITEM_0004,2024-10-11,40
ITEM_0004,2024-10-10,39
ITEM_0004,2024-10-09,32
ITEM_0004,2024-10-08,29
ITEM_0004,2024-10-07,29
ITEM_0004,2024-10-06,62
ITEM_0004,2024-10-05,24
ITEM_0004,2024-10-04,46
ITEM_0004,2024-10-03,42
ITEM_0004,2024-10-02,51
ITEM_0004,2024-10-01,44
ITEM_0004,2024-09-30,23
ITEM_0004,2024-09-29,42
ITEM_0004,2024-09-28,47
ITEM_0004,2024-09-27,39
ITEM_0004,2024-09-26,36
ITEM_0004,2024-09-25,33
ITEM_0004,2024-09-24,23
ITEM_0004,2024-09-23,19
ITEM_0004,2024-09-22,15
ITEM_0004,2024-09-21,26
ITEM_0004,2024-09-20,45
ITEM_0004,2024-09-19,21
ITEM_0004,2024-09-18,26
ITEM_0004,2024-09-17,43
ITEM_0004,2024-09-16,35
ITEM_0004,2024-09-15,34
ITEM_0004,2024-09-14,44
ITEM_0004,2024-09-13,29
ITEM_0004,2024-09-12,22
ITEM_0004,2024-09-11,29
ITEM_0004,2024-09-10,26
ITEM_0004,2024-09-09,30
ITEM_0004,2024-09-08,43
ITEM_0004,2024-09-07,45
ITEM_0004,2024-09-06,6
ITEM_0004,2024-09-05,25
ITEM_0004,2024-09-04,41
ITEM_0004,2024-09-03,23
ITEM_0004,2024-09-02,43
ITEM_0004,2024-09-01,42
ITEM_0004,2024-08-31,44
ITEM_0004,2024-08-30,27
ITEM_0004,2024-08-29,13
ITEM_0004,2024-08-28,25
ITEM_0004,2024-08-27,42
ITEM_0004,2024-08-26,20
ITEM_0004,2024-08-25,45
ITEM_0004,2024-08-24,46
ITEM_0004,2024-08-23,38
ITEM_0004,2024-08-22,17
ITEM_0004,2024-08-21,56
ITEM_0004,2024-08-20,40
ITEM_0004,2024-08-19,13
ITEM_0004,2024-08-18,31
ITEM_0004,2024-08-17,29
ITEM_0004,2024-08-16,41
ITEM_0004,2024-08-15,26
ITEM_0004,2024-08-14,25
ITEM_0004,2024-08-13,48
ITEM_0004,2024-08-12,27
ITEM_0004,2024-08-11,26
ITEM_0004,2024-08-10,50
ITEM_0004,2024-08-09,27
ITEM_0004,2024-08-08,44
ITEM_0004,2024-08-07,34
ITEM_0004,2024-08-06,25
ITEM_0004,2024-08-05,21
ITEM_0004,2024-08-04,41
ITEM_0004,2024-08-03,36
ITEM_0004,2024-08-02,24
ITEM_0004,2024-08-01,20
ITEM_0004,2024-07-31,46
ITEM_0004,2024-07-30,53
ITEM_0004,2024-07-29,46
ITEM_0004,2024-07-28,36
ITEM_0004,2024-07-27,24
ITEM_0004,2024-07-26,31
ITEM_0004,2024-07-25,12
ITEM_0004,2024-07-24,48
ITEM_0004,2024-07-23,35
ITEM_0004,2024-07-22,21
ITEM_0004,2024-07-21,42
ITEM_0004,2024-07-20,23
ITEM_0004,2024-07-19,31
ITEM_0004,2024-07-18,45
ITEM_0004,2024-07-17,49
ITEM_0004,2024-07-16,51
ITEM_0004,2024-07-15,26
ITEM_0004,2024-07-14,31
ITEM_0004,2024-07-13,7
ITEM_0004,2024-07-12,9
ITEM_0004,2024-07-11,32
ITEM_0004,2024-07-10,35
ITEM_0004,2024-07-09,32
ITEM_0004,2024-07-08,46
ITEM_0004,2024-07-07,14
ITEM_0004,2024-07-06,20
ITEM_0004,2024-07-05,48
ITEM_0004,2024-07-04,28
ITEM_0004,2024-07-03,34
ITEM_0004,2024-07-02,36
ITEM_0004,2024-07-01,40
ITEM_0004,2024-06-30,15
ITEM_0004,2024-06-29,37
ITEM_0004,2024-06-28,28
ITEM_0004,2024-06-27,41
ITEM_0004,2024-06-26,42
ITEM_0004,2024-06-25,30
ITEM_0004,2024-06-24,32
ITEM_0004,2024-06-23,43
ITEM_0004,2024-06-22,43
ITEM_0004,2024-06-21,33
ITEM_0004,2024-06-20,45
ITEM_0004,2024-06-19,43
ITEM_0004,2024-06-18,25
ITEM_0004,2024-06-17,22
ITEM_0004,2024-06-16,37
ITEM_0004,2024-06-15,37
ITEM_0005,2025-06-14,50
ITEM_0005,2025-06-13,45
ITEM_0005,2025-06-12,35
ITEM_0005,2025-06-11,49
ITEM_0005,2025-06-10,52
ITEM_0005,2025-06-09,66
ITEM_0005,2025-06-08,60
ITEM_0005,2025-06-07,31
ITEM_0005,2025-06-06,39
ITEM_0005,2025-06-05,46
ITEM_0005,2025-06-04,61
ITEM_0005,2025-06-03,24
ITEM_0005,2025-06-02,44
ITEM_0005,2025-06-01,22
ITEM_0005,2025-05-31,50
ITEM_0005,2025-05-30,51
ITEM_0005,2025-05-29,40
ITEM_0005,2025-05-28,35
ITEM_0005,2025-05-27,55
ITEM_0005,2025-05-26,41
ITEM_0005,2025-05-25,30
ITEM_0005,2025-05-24,26
ITEM_0005,2025-05-23,39
ITEM_0005,2025-05-22,43
ITEM_0005,2025-05-21,45
ITEM_0005,2025-05-20,59
ITEM_0005,2025-05-19,28
ITEM_0005,2025-05-18,78
ITEM_0005,2025-05-17,64
ITEM_0005,2025-05-16,21
ITEM_0005,2025-05-15,38
ITEM_0005,2025-05-14,27
ITEM_0005,2025-05-13,56
ITEM_0005,2025-05-12,63
ITEM_0005,2025-05-11,38
ITEM_0005,2025-05-10,25
ITEM_0005,2025-05-09,26
ITEM_0005,2025-05-08,56
ITEM_0005,2025-05-07,45
ITEM_0005,2025-05-06,48
ITEM_0005,2025-05-05,33
ITEM_0005,2025-05-04,47
ITEM_0005,2025-05-03,39
ITEM_0005,2025-05-02,25
ITEM_0005,2025-05-01,54
ITEM_0005,2025-04-30,56
ITEM_0005,2025-04-29,38
ITEM_0005,2025-04-28,35
ITEM_0005,2025-04-27,50
ITEM_0005,2025-04-26,30
ITEM_0005,2025-04-25,43
ITEM_0005,2025-04-24,34
ITEM_0005,2025-04-23,33
ITEM_0005,2025-04-22,47
ITEM_0005,2025-04-21,14
ITEM_0005,2025-04-20,53
ITEM_0005,2025-04-19,49
ITEM_0005,2025-04-18,58
ITEM_0005,2025-04-17,27
ITEM_0005,2025-04-16,59
ITEM_0005,2025-04-15,40
ITEM_0005,2025-04-14,58
ITEM_0005,2025-04-13,42
ITEM_0005,2025-04-12,45
ITEM_0005,2025-04-11,42
ITEM_0005,2025-04-10,31
ITEM_0005,2025-04-09,43
ITEM_0005,2025-04-08,56
ITEM_0005,2025-04-07,45
ITEM_0005,2025-04-06,47
ITEM_0005,2025-04-05,63
ITEM_0005,2025-04-04,44
ITEM_0005,2025-04-03,38
ITEM_0005,2025-04-02,77
ITEM_0005,2025-04-01,66
ITEM_0005,2025-03-31,33
ITEM_0005,2025-03-30,20
ITEM_0005,2025-03-29,37
ITEM_0005,2025-03-28,31
ITEM_0005,2025-03-27,26
ITEM_0005,2025-03-26,40
ITEM_0005,2025-03-25,45
ITEM_0005,2025-03-24,40
ITEM_0005,2025-03-23,68
ITEM_0005,2025-03-22,24
ITEM_0005,2025-03-21,41
ITEM_0005,2025-03-20,39
ITEM_0005,2025-03-19,61
ITEM_0005,2025-03-18,56
ITEM_0005,2025-03-17,39
ITEM_0005,2025-03-16,48
ITEM_0005,2025-03-15,57
ITEM_0005,2025-03-14,62
ITEM_0005,2025-03-13,65
ITEM_0005,2025-03-12,73
ITEM_0005,2025-03-11,39
ITEM_0005,2025-03-10,22
ITEM_0005,2025-03-09,42
ITEM_0005,2025-03-08,66
ITEM_0005,2025-03-07,55
ITEM_0005,2025-03-06,41
ITEM_0005,2025-03-05,49
ITEM_0005,2025-03-04,21
ITEM_0005,2025-03-03,31
ITEM_0005,2025-03-02,22
ITEM_0005,2025-03-01,39
ITEM_0005,2025-02-28,41
ITEM_0005,2025-02-27,52
ITEM_0005,2025-02-26,58
ITEM_0005,2025-02-25,55
ITEM_0005,2025-02-24,45
ITEM_0005,2025-02-23,49
ITEM_0005,2025-02-22,43
ITEM_0005,2025-02-21,50
ITEM_0005,2025-02-20,49
ITEM_0005,2025-02-19,36
ITEM_0005,2025-02-18,37
ITEM_0005,2025-02-17,39
ITEM_0005,2025-02-16,41
ITEM_0005,2025-02-15,37
ITEM_0005,2025-02-14,56
ITEM_0005,2025-02-13,49
ITEM_0005,2025-02-12,45
ITEM_0005,2025-02-11,50
ITEM_0005,2025-02-10,43
ITEM_0005,2025-02-09,13
ITEM_0005,2025-02-08,49
ITEM_0005,2025-02-07,33
ITEM_0005,2025-02-06,43
ITEM_0005,2025-02-05,49
ITEM_0005,2025-02-04,41
ITEM_0005,2025-02-03,40
ITEM_0005,2025-02-02,25
ITEM_0005,2025-02-01,22
ITEM_0005,2025-01-31,50
ITEM_0005,2025-01-30,45
ITEM_0005,2025-01-29,41
ITEM_0005,2025-01-28,22
ITEM_0005,2025-01-27,45
ITEM_0005,2025-01-26,38
ITEM_0005,2025-01-25,50
ITEM_0005,2025-01-24,26
ITEM_0005,2025-01-23,30
ITEM_0005,2025-01-22,37
ITEM_0005,2025-01-21,51
ITEM_0005,2025-01-20,54
ITEM_0005,2025-01-19,36
ITEM_0005,2025-01-18,26
ITEM_0005,2025-01-17,23
ITEM_0005,2025-01-16,45
ITEM_0005,2025-01-15,37
ITEM_0005,2025-01-14,33
ITEM_0005,2025-01-13,33
ITEM_0005,2025-01-12,48
ITEM_0005,2025-01-11,32
ITEM_0005,2025-01-10,41
ITEM_0005,2025-01-09,40
ITEM_0005,2025-01-08,41
ITEM_0005,2025-01-07,63
ITEM_0005,2025-01-06,34
ITEM_0005,2025-01-05,55
ITEM_0005,2025-01-04,58
ITEM_0005,2025-01-03,44
ITEM_0005,2025-01-02,33
ITEM_0005,2025-01-01,24
ITEM_0005,2024-12-31,55
ITEM_0005,2024-12-30,59
ITEM_0005,2024-12-29,46
ITEM_0005,2024-12-28,41
ITEM_0005,2024-12-27,17
ITEM_0005,2024-12-26,23
ITEM_0005,2024-12-25,59
ITEM_0005,2024-12-24,49
ITEM_0005,2024-12-23,36
ITEM_0005,2024-12-22,57
ITEM_0005,2024-12-21,41
ITEM_0005,2024-12-20,25
ITEM_0005,2024-12-19,27
ITEM_0005,2024-12-18,50
ITEM_0005,2024-12-17,24
ITEM_0005,2024-12-16,25
ITEM_0005,2024-12-15,43
ITEM_0005,2024-12-14,33
ITEM_0005,2024-12-13,34
ITEM_0005,2024-12-12,53
ITEM_0005,2024-12-11,27
ITEM_0005,2024-12-10,17
ITEM_0005,2024-12-09,54
ITEM_0005,2024-12-08,57
ITEM_0005,2024-12-07,46
ITEM_0005,2024-12-06,29
ITEM_0005,2024-12-05,45
ITEM_0005,2024-12-04,41
ITEM_0005,2024-12-03,52
ITEM_0005,2024-12-02,42
ITEM_0005,2024-12-01,27
ITEM_0005,2024-11-30,43
ITEM_0005,2024-11-29,60
ITEM_0005,2024-11-28,40
ITEM_0005,2024-11-27,49
ITEM_0005,2024-11-26,43
ITEM_0005,2024-11-25,53
ITEM_0005,2024-11-24,37
ITEM_0005,2024-11-23,38
ITEM_0005,2024-11-22,72
ITEM_0005,2024-11-21,60
ITEM_0005,2024-11-20,36
ITEM_0005,2024-11-19,33
ITEM_0005,2024-11-18,53
ITEM_0005,2024-11-17,72
ITEM_0005,2024-11-16,46
ITEM_0005,2024-11-15,24
ITEM_0005,2024-11-14,58
ITEM_0005,2024-11-13,33
ITEM_0005,2024-11-12,47
ITEM_0005,2024-11-11,24
ITEM_0005,2024-11-10,61
ITEM_0005,2024-11-09,48
ITEM_0005,2024-11-08,40
ITEM_0005,2024-11-07,52
ITEM_0005,2024-11-06,43
ITEM_0005,2024-11-05,51
ITEM_0005,2024-11-04,38
ITEM_0005,2024-11-03,48
ITEM_0005,2024-11-02,54
ITEM_0005,2024-11-01,49
ITEM_0005,2024-10-31,60
ITEM_0005,2024-10-30,35
ITEM_0005,2024-10-29,22
ITEM_0005,2024-10-28,33
ITEM_0005,2024-10-27,32
ITEM_0005,2024-10-26,28
ITEM_0005,2024-10-25,25
ITEM_0005,2024-10-24,20
ITEM_0005,2024-10-23,49
ITEM_0005,2024-10-22,72
ITEM_0005,2024-10-21,61
ITEM_0005,2024-10-20,45
ITEM_0005,2024-10-19,59
ITEM_0005,2024-10-18,54
ITEM_0005,2024-10-17,32
ITEM_0005,2024-10-16,25
ITEM_0005,2024-10-15,56
ITEM_0005,2024-10-14,60
ITEM_0005,2024-10-13,58
ITEM_0005,2024-10-12,48
ITEM_0005,2024-10-11,18
ITEM_0005,2024-10-10,45
ITEM_0005,2024-10-09,46
ITEM_0005,2024-10-08,13
ITEM_0005,2024-10-07,44
ITEM_0005,2024-10-06,70
ITEM_0005,2024-10-05,70
ITEM_0005,2024-10-04,44
ITEM_0005,2024-10-03,29
ITEM_0005,2024-10-02,43
ITEM_0005,2024-10-01,39
ITEM_0005,2024-09-30,45
ITEM_0005,2024-09-29,22
ITEM_0005,2024-09-28,40
ITEM_0005,2024-09-27,32
ITEM_0005,2024-09-26,35
ITEM_0005,2024-09-25,59
ITEM_0005,2024-09-24,65
ITEM_0005,2024-09-23,44
ITEM_0005,2024-09-22,36
ITEM_0005,2024-09-21,30
ITEM_0005,2024-09-20,27
ITEM_0005,2024-09-19,36
ITEM_0005,2024-09-18,54
ITEM_0005,2024-09-17,70
ITEM_0005,2024-09-16,52
ITEM_0005,2024-09-15,44
ITEM_0005,2024-09-14,40
ITEM_0005,2024-09-13,46
ITEM_0005,2024-09-12,60
ITEM_0005,2024-09-11,43
ITEM_0005,2024-09-10,52
ITEM_0005,2024-09-09,38
ITEM_0005,2024-09-08,42
ITEM_0005,2024-09-07,27
ITEM_0005,2024-09-06,25
ITEM_0005,2024-09-05,52
ITEM_0005,2024-09-04,27
ITEM_0005,2024-09-03,49
ITEM_0005,2024-09-02,45
ITEM_0005,2024-09-01,50
ITEM_0005,2024-08-31,37
ITEM_0005,2024-08-30,58
ITEM_0005,2024-08-29,59
ITEM_0005,2024-08-28,41
ITEM_0005,2024-08-27,33
ITEM_0005,2024-08-26,22
ITEM_0005,2024-08-25,52
ITEM_0005,2024-08-24,31
ITEM_0005,2024-08-23,36
ITEM_0005,2024-08-22,41
ITEM_0005,2024-08-21,41
ITEM_0005,2024-08-20,37
ITEM_0005,2024-08-19,38
ITEM_0005,2024-08-18,42
ITEM_0005,2024-08-17,47
ITEM_0005,2024-08-16,41
ITEM_0005,2024-08-15,43
ITEM_0005,2024-08-14,63
ITEM_0005,2024-08-13,27
ITEM_0005,2024-08-12,34
ITEM_0005,2024-08-11,38
ITEM_0005,2024-08-10,52
ITEM_0005,2024-08-09,32
ITEM_0005,2024-08-08,41
ITEM_0005,2024-08-07,56
ITEM_0005,2024-08-06,34
ITEM_0005,2024-08-05,58
ITEM_0005,2024-08-04,32
ITEM_0005,2024-08-03,43
ITEM_0005,2024-08-02,46
ITEM_0005,2024-08-01,70
ITEM_0005,2024-07-31,57
ITEM_0005,2024-07-30,42
ITEM_0005,2024-07-29,31
ITEM_0005,2024-07-28,25
ITEM_0005,2024-07-27,29
ITEM_0005,2024-07-26,54
ITEM_0005,2024-07-25,34
ITEM_0005,2024-07-24,21
ITEM_0005,2024-07-23,65
ITEM_0005,2024-07-22,42
ITEM_0005,2024-07-21,45
ITEM_0005,2024-07-20,41
ITEM_0005,2024-07-19,43
ITEM_0005,2024-07-18,38
ITEM_0005,2024-07-17,40
ITEM_0005,2024-07-16,12
ITEM_0005,2024-07-15,56
ITEM_0005,2024-07-14,34
ITEM_0005,2024-07-13,49
ITEM_0005,2024-07-12,57
ITEM_0005,2024-07-11,23
ITEM_0005,2024-07-10,64
ITEM_0005,2024-07-09,59
ITEM_0005,2024-07-08,57
ITEM_0005,2024-07-07,36
ITEM_0005,2024-07-06,51
ITEM_0005,2024-07-05,41
ITEM_0005,2024-07-04,41
ITEM_0005,2024-07-03,27
ITEM_0005,2024-07-02,30
ITEM_0005,2024-07-01,37
ITEM_0005,2024-06-30,61
ITEM_0005,2024-06-29,41
ITEM_0005,2024-06-28,24
ITEM_0005,2024-06-27,51
ITEM_0005,2024-06-26,37
ITEM_0005,2024-06-25,59
ITEM_0005,2024-06-24,47
ITEM_0005,2024-06-23,51
ITEM_0005,2024-06-22,30
ITEM_0005,2024-06-21,56
ITEM_0005,2024-06-20,47
ITEM_0005,2024-06-19,30
ITEM_0005,2024-06-18,61
ITEM_0005,2024-06-17,49
ITEM_0005,2024-06-16,20
ITEM_0005,2024-06-15,38
ITEM_0006,2025-06-14,24
ITEM_0006,2025-06-13,19
ITEM_0006,2025-06-12,28
ITEM_0006,2025-06-11,47
ITEM_0006,2025-06-10,38
ITEM_0006,2025-06-09,26
ITEM_0006,2025-06-08,29
ITEM_0006,2025-06-07,28
ITEM_0006,2025-06-06,36
ITEM_0006,2025-06-05,37
ITEM_0006,2025-06-04,43
ITEM_0006,2025-06-03,38
ITEM_0006,2025-06-02,59
ITEM_0006,2025-06-01,49
ITEM_0006,2025-05-31,31
ITEM_0006,2025-05-30,46
ITEM_0006,2025-05-29,28
ITEM_0006,2025-05-28,28
ITEM_0006,2025-05-27,30
ITEM_0006,2025-05-26,31
ITEM_0006,2025-05-25,41
ITEM_0006,2025-05-24,21
ITEM_0006,2025-05-23,31
ITEM_0006,2025-05-22,32
ITEM_0006,2025-05-21,23
ITEM_0006,2025-05-20,47
ITEM_0006,2025-05-19,21
ITEM_0006,2025-05-18,26
ITEM_0006,2025-05-17,41
ITEM_0006,2025-05-16,30
ITEM_0006,2025-05-15,30
ITEM_0006,2025-05-14,39
ITEM_0006,2025-05-13,35
ITEM_0006,2025-05-12,37
ITEM_0006,2025-05-11,41
ITEM_0006,2025-05-10,29
ITEM_0006,2025-05-09,19
ITEM_0006,2025-05-08,21
ITEM_0006,2025-05-07,36
ITEM_0006,2025-05-06,13
ITEM_0006,2025-05-05,26
ITEM_0006,2025-05-04,39
ITEM_0006,2025-05-03,18
ITEM_0006,2025-05-02,52
ITEM_0006,2025-05-01,31
ITEM_0006,2025-04-30,43
ITEM_0006,2025-04-29,44
ITEM_0006,2025-04-28,32
ITEM_0006,2025-04-27,35
ITEM_0006,2025-04-26,38
ITEM_0006,2025-04-25,30
ITEM_0006,2025-04-24,43
ITEM_0006,2025-04-23,43
ITEM_0006,2025-04-22,51
ITEM_0006,2025-04-21,39
ITEM_0006,2025-04-20,35
ITEM_0006,2025-04-19,36
ITEM_0006,2025-04-18,43
ITEM_0006,2025-04-17,41
ITEM_0006,2025-04-16,23
ITEM_0006,2025-04-15,23
ITEM_0006,2025-04-14,15
ITEM_0006,2025-04-13,45
ITEM_0006,2025-04-12,43
ITEM_0006,2025-04-11,28
ITEM_0006,2025-04-10,57
ITEM_0006,2025-04-09,35
ITEM_0006,2025-04-08,43
ITEM_0006,2025-04-07,23
ITEM_0006,2025-04-06,38
ITEM_0006,2025-04-05,28
ITEM_0006,2025-04-04,32
ITEM_0006,2025-04-03,48
ITEM_0006,2025-04-02,31
ITEM_0006,2025-04-01,32
ITEM_0006,2025-03-31,40
ITEM_0006,2025-03-30,23
ITEM_0006,2025-03-29,29
ITEM_0006,2025-03-28,41
ITEM_0006,2025-03-27,28
ITEM_0006,2025-03-26,42
ITEM_0006,2025-03-25,44
ITEM_0006,2025-03-24,17
ITEM_0006,2025-03-23,44
ITEM_0006,2025-03-22,44
ITEM_0006,2025-03-21,45
ITEM_0006,2025-03-20,36
ITEM_0006,2025-03-19,38
ITEM_0006,2025-03-18,40
ITEM_0006,2025-03-17,35
ITEM_0006,2025-03-16,30
ITEM_0006,2025-03-15,35
ITEM_0006,2025-03-14,28
ITEM_0006,2025-03-13,46
ITEM_0006,2025-03-12,40
ITEM_0006,2025-03-11,34
ITEM_0006,2025-03-10,46
ITEM_0006,2025-03-09,34
ITEM_0006,2025-03-08,40
ITEM_0006,2025-03-07,40
ITEM_0006,2025-03-06,46
ITEM_0006,2025-03-05,25
ITEM_0006,2025-03-04,31
ITEM_0006,2025-03-03,26
ITEM_0006,2025-03-02,43
ITEM_0006,2025-03-01,32
ITEM_0006,2025-02-28,39
ITEM_0006,2025-02-27,28
ITEM_0006,2025-02-26,42
ITEM_0006,2025-02-25,20
ITEM_0006,2025-02-24,22
ITEM_0006,2025-02-23,25
ITEM_0006,2025-02-22,30
ITEM_0006,2025-02-21,38
ITEM_0006,2025-02-20,16
ITEM_0006,2025-02-19,12
ITEM_0006,2025-02-18,29
ITEM_0006,2025-02-17,45
ITEM_0006,2025-02-16,21
ITEM_0006,2025-02-15,37
ITEM_0006,2025-02-14,40
ITEM_0006,2025-02-13,34
ITEM_0006,2025-02-12,29
ITEM_0006,2025-02-11,25
ITEM_0006,2025-02-10,29
ITEM_0006,2025-02-09,53
ITEM_0006,2025-02-08,26
ITEM_0006,2025-02-07,41
ITEM_0006,2025-02-06,39
ITEM_0006,2025-02-05,38
ITEM_0006,2025-02-04,41
ITEM_0006,2025-02-03,30
ITEM_0006,2025-02-02,42
ITEM_0006,2025-02-01,29
ITEM_0006,2025-01-31,11
ITEM_0006,2025-01-30,33
ITEM_0006,2025-01-29,28
ITEM_0006,2025-01-28,24
ITEM_0006,2025-01-27,29
ITEM_0006,2025-01-26,38
ITEM_0006,2025-01-25,33
ITEM_0006,2025-01-24,16
ITEM_0006,2025-01-23,19
ITEM_0006,2025-01-22,31
ITEM_0006,2025-01-21,39
ITEM_0006,2025-01-20,30
ITEM_0006,2025-01-19,32
ITEM_0006,2025-01-18,36
ITEM_0006,2025-01-17,44
ITEM_0006,2025-01-16,36
ITEM_0006,2025-01-15,29
ITEM_0006,2025-01-14,30
ITEM_0006,2025-01-13,14
ITEM_0006,2025-01-12,28
ITEM_0006,2025-01-11,38
ITEM_0006,2025-01-10,58
ITEM_0006,2025-01-09,33
ITEM_0006,2025-01-08,15
ITEM_0006,2025-01-07,36
ITEM_0006,2025-01-06,25
ITEM_0006,2025-01-05,66
ITEM_0006,2025-01-04,22
ITEM_0006,2025-01-03,39
ITEM_0006,2025-01-02,27
ITEM_0006,2025-01-01,29
ITEM_0006,2024-12-31,18
ITEM_0006,2024-12-30,34
ITEM_0006,2024-12-29,39
ITEM_0006,2024-12-28,41
ITEM_0006,2024-12-27,40
ITEM_0006,2024-12-26,25
ITEM_0006,2024-12-25,46
ITEM_0006,2024-12-24,35
ITEM_0006,2024-12-23,29
ITEM_0006,2024-12-22,36
ITEM_0006,2024-12-21,47
ITEM_0006,2024-12-20,40
ITEM_0006,2024-12-19,17
ITEM_0006,2024-12-18,38
ITEM_0006,2024-12-17,28
ITEM_0006,2024-12-16,41
ITEM_0006,2024-12-15,47
ITEM_0006,2024-12-14,55
ITEM_0006,2024-12-13,36
ITEM_0006,2024-12-12,43
ITEM_0006,2024-12-11,44
ITEM_0006,2024-12-10,41
ITEM_0006,2024-12-09,35
ITEM_0006,2024-12-08,38
ITEM_0006,2024-12-07,47
ITEM_0006,2024-12-06,56
ITEM_0006,2024-12-05,27
ITEM_0006,2024-12-04,40
ITEM_0006,2024-12-03,29
ITEM_0006,2024-12-02,33
ITEM_0006,2024-12-01,31
ITEM_0006,2024-11-30,33
ITEM_0006,2024-11-29,39
ITEM_0006,2024-11-28,65
ITEM_0006,2024-11-27,31
ITEM_0006,2024-11-26,24
ITEM_0006,2024-11-25,35
ITEM_0006,2024-11-24,37
ITEM_0006,2024-11-23,34
ITEM_0006,2024-11-22,24
ITEM_0006,2024-11-21,26
ITEM_0006,2024-11-20,39
ITEM_0006,2024-11-19,36
ITEM_0006,2024-11-18,37
ITEM_0006,2024-11-17,32
ITEM_0006,2024-11-16,31
ITEM_0006,2024-11-15,30
ITEM_0006,2024-11-14,35
ITEM_0006,2024-11-13,42
ITEM_0006,2024-11-12,34
ITEM_0006,2024-11-11,22
ITEM_0006,2024-11-10,59
ITEM_0006,2024-11-09,38
ITEM_0006,2024-11-08,30
ITEM_0006,2024-11-07,45
ITEM_0006,2024-11-06,44
ITEM_0006,2024-11-05,32
ITEM_0006,2024-11-04,32
ITEM_0006,2024-11-03,41
ITEM_0006,2024-11-02,33
ITEM_0006,2024-11-01,48
ITEM_0006,2024-10-31,30
ITEM_0006,2024-10-30,29
ITEM_0006,2024-10-29,29
ITEM_0006,2024-10-28,18
ITEM_0006,2024-10-27,63
ITEM_0006,2024-10-26,30
ITEM_0006,2024-10-25,40
ITEM_0006,2024-10-24,38
ITEM_0006,2024-10-23,61
ITEM_0006,2024-10-22,23
ITEM_0006,2024-10-21,42
ITEM_0006,2024-10-20,40
ITEM_0006,2024-10-19,30
ITEM_0006,2024-10-18,39
ITEM_0006,2024-10-17,51
ITEM_0006,2024-10-16,18
ITEM_0006,2024-10-15,47
ITEM_0006,2024-10-14,29
ITEM_0006,2024-10-13,24
ITEM_0006,2024-10-12,45
ITEM_0006,2024-10-11,36
ITEM_0006,2024-10-10,48
ITEM_0006,2024-10-09,50
ITEM_0006,2024-10-08,37
ITEM_0006,2024-10-07,43
ITEM_0006,2024-10-06,38
ITEM_0006,2024-10-05,15
ITEM_0006,2024-10-04,47
ITEM_0006,2024-10-03,41
ITEM_0006,2024-10-02,27
ITEM_0006,2024-10-01,28
ITEM_0006,2024-09-30,14
ITEM_0006,2024-09-29,29
ITEM_0006,2024-09-28,38
ITEM_0006,2024-09-27,41
ITEM_0006,2024-09-26,46
ITEM_0006,2024-09-25,50
ITEM_0006,2024-09-24,33
ITEM_0006,2024-09-23,35
ITEM_0006,2024-09-22,22
ITEM_0006,2024-09-21,36
ITEM_0006,2024-09-20,22
ITEM_0006,2024-09-19,47
ITEM_0006,2024-09-18,18
ITEM_0006,2024-09-17,43
ITEM_0006,2024-09-16,30
ITEM_0006,2024-09-15,26
ITEM_0006,2024-09-14,28
ITEM_0006,2024-09-13,49
ITEM_0006,2024-09-12,42
ITEM_0006,2024-09-11,21
ITEM_0006,2024-09-10,31
ITEM_0006,2024-09-09,30
ITEM_0006,2024-09-08,41
ITEM_0006,2024-09-07,37
ITEM_0006,2024-09-06,32
ITEM_0006,2024-09-05,39
ITEM_0006,2024-09-04,38
ITEM_0006,2024-09-03,58
ITEM_0006,2024-09-02,35
ITEM_0006,2024-09-01,56
ITEM_0006,2024-08-31,32
ITEM_0006,2024-08-30,42
ITEM_0006,2024-08-29,48
ITEM_0006,2024-08-28,17
ITEM_0006,2024-08-27,12
ITEM_0006,2024-08-26,23
ITEM_0006,2024-08-25,45
ITEM_0006,2024-08-24,36
ITEM_0006,2024-08-23,22
ITEM_0006,2024-08-22,34
ITEM_0006,2024-08-21,39
ITEM_0006,2024-08-20,31
ITEM_0006,2024-08-19,38
ITEM_0006,2024-08-18,34
ITEM_0006,2024-08-17,35
ITEM_0006,2024-08-16,46
ITEM_0006,2024-08-15,48
ITEM_0006,2024-08-14,46
ITEM_0006,2024-08-13,17
ITEM_0006,2024-08-12,27
ITEM_0006,2024-08-11,26
ITEM_0006,2024-08-10,25
ITEM_0006,2024-08-09,39
ITEM_0006,2024-08-08,41
ITEM_0006,2024-08-07,30
ITEM_0006,2024-08-06,28
ITEM_0006,2024-08-05,36
ITEM_0006,2024-08-04,54
ITEM_0006,2024-08-03,42
ITEM_0006,2024-08-02,35
ITEM_0006,2024-08-01,26
ITEM_0006,2024-07-31,24
ITEM_0006,2024-07-30,58
ITEM_0006,2024-07-29,26
ITEM_0006,2024-07-28,48
ITEM_0006,2024-07-27,45
ITEM_0006,2024-07-26,26
ITEM_0006,2024-07-25,28
ITEM_0006,2024-07-24,36
ITEM_0006,2024-07-23,37
ITEM_0006,2024-07-22,35
ITEM_0006,2024-07-21,46
ITEM_0006,2024-07-20,32
ITEM_0006,2024-07-19,28
ITEM_0006,2024-07-18,38
ITEM_0006,2024-07-17,37
ITEM_0006,2024-07-16,17
ITEM_0006,2024-07-15,44
ITEM_0006,2024-07-14,30
ITEM_0006,2024-07-13,51
ITEM_0006,2024-07-12,33
ITEM_0006,2024-07-11,35
ITEM_0006,2024-07-10,29
ITEM_0006,2024-07-09,28
ITEM_0006,2024-07-08,49
ITEM_0006,2024-07-07,18
ITEM_0006,2024-07-06,30
ITEM_0006,2024-07-05,35
ITEM_0006,2024-07-04,37
ITEM_0006,2024-07-03,39
ITEM_0006,2024-07-02,37
ITEM_0006,2024-07-01,38
ITEM_0006,2024-06-30,40
ITEM_0006,2024-06-29,45
ITEM_0006,2024-06-28,31
ITEM_0006,2024-06-27,44
ITEM_0006,2024-06-26,43
ITEM_0006,2024-06-25,12
ITEM_0006,2024-06-24,54
ITEM_0006,2024-06-23,35
ITEM_0006,2024-06-22,49
ITEM_0006,2024-06-21,46
ITEM_0006,2024-06-20,27
ITEM_0006,2024-06-19,48
ITEM_0006,2024-06-18,20
ITEM_0006,2024-06-17,54
ITEM_0006,2024-06-16,32
ITEM_0006,2024-06-15,38
ITEM_0007,2025-06-14,40
ITEM_0007,2025-06-13,67
ITEM_0007,2025-06-12,59
ITEM_0007,2025-06-11,46
ITEM_0007,2025-06-10,76
ITEM_0007,2025-06-09,60
ITEM_0007,2025-06-08,64
ITEM_0007,2025-06-07,57
ITEM_0007,2025-06-06,68
ITEM_0007,2025-06-05,70
ITEM_0007,2025-06-04,51
ITEM_0007,2025-06-03,38
ITEM_0007,2025-06-02,52
ITEM_0007,2025-06-01,38
ITEM_0007,2025-05-31,55
ITEM_0007,2025-05-30,45
ITEM_0007,2025-05-29,55
ITEM_0007,2025-05-28,32
ITEM_0007,2025-05-27,55
ITEM_0007,2025-05-26,55
ITEM_0007,2025-05-25,41
ITEM_0007,2025-05-24,73
ITEM_0007,2025-05-23,82
ITEM_0007,2025-05-22,45
ITEM_0007,2025-05-21,46
ITEM_0007,2025-05-20,51
ITEM_0007,2025-05-19,56
ITEM_0007,2025-05-18,51
ITEM_0007,2025-05-17,47
ITEM_0007,2025-05-16,55
ITEM_0007,2025-05-15,41
ITEM_0007,2025-05-14,46
ITEM_0007,2025-05-13,60
ITEM_0007,2025-05-12,76
ITEM_0007,2025-05-11,50
ITEM_0007,2025-05-10,40
ITEM_0007,2025-05-09,49
ITEM_0007,2025-05-08,55
ITEM_0007,2025-05-07,63
ITEM_0007,2025-05-06,75
ITEM_0007,2025-05-05,25
ITEM_0007,2025-05-04,63
ITEM_0007,2025-05-03,43
ITEM_0007,2025-05-02,52
ITEM_0007,2025-05-01,52
ITEM_0007,2025-04-30,44
ITEM_0007,2025-04-29,59
ITEM_0007,2025-04-28,39
ITEM_0007,2025-04-27,62
ITEM_0007,2025-04-26,50
ITEM_0007,2025-04-25,31
ITEM_0007,2025-04-24,42
ITEM_0007,2025-04-23,50
ITEM_0007,2025-04-22,71
ITEM_0007,2025-04-21,37
ITEM_0007,2025-04-20,35
ITEM_0007,2025-04-19,60
ITEM_0007,2025-04-18,32
ITEM_0007,2025-04-17,54
ITEM_0007,2025-04-16,49
ITEM_0007,2025-04-15,45
ITEM_0007,2025-04-14,22
ITEM_0007,2025-04-13,49
ITEM_0007,2025-04-12,52
ITEM_0007,2025-04-11,53
ITEM_0007,2025-04-10,55
ITEM_0007,2025-04-09,53
ITEM_0007,2025-04-08,46
ITEM_0007,2025-04-07,58
ITEM_0007,2025-04-06,50
ITEM_0007,2025-04-05,39
ITEM_0007,2025-04-04,57
ITEM_0007,2025-04-03,54
ITEM_0007,2025-04-02,68
ITEM_0007,2025-04-01,53
ITEM_0007,2025-03-31,42
ITEM_0007,2025-03-30,49
ITEM_0007,2025-03-29,42
ITEM_0007,2025-03-28,57
ITEM_0007,2025-03-27,47
ITEM_0007,2025-03-26,57
ITEM_0007,2025-03-25,36
ITEM_0007,2025-03-24,46
ITEM_0007,2025-03-23,36
ITEM_0007,2025-03-22,26
ITEM_0007,2025-03-21,38
ITEM_0007,2025-03-20,77
ITEM_0007,2025-03-19,74
ITEM_0007,2025-03-18,43
ITEM_0007,2025-03-17,39
ITEM_0007,2025-03-16,48
ITEM_0007,2025-03-15,32
ITEM_0007,2025-03-14,59
ITEM_0007,2025-03-13,59
ITEM_0007,2025-03-12,54
ITEM_0007,2025-03-11,32
ITEM_0007,2025-03-10,35
ITEM_0007,2025-03-09,53
ITEM_0007,2025-03-08,41
ITEM_0007,2025-03-07,49
ITEM_0007,2025-03-06,33
ITEM_0007,2025-03-05,29
ITEM_0007,2025-03-04,74
ITEM_0007,2025-03-03,14
ITEM_0007,2025-03-02,24
ITEM_0007,2025-03-01,75
ITEM_0007,2025-02-28,45
ITEM_0007,2025-02-27,27
ITEM_0007,2025-02-26,60
ITEM_0007,2025-02-25,79
ITEM_0007,2025-02-24,34
ITEM_0007,2025-02-23,61
ITEM_0007,2025-02-22,66
ITEM_0007,2025-02-21,23
ITEM_0007,2025-02-20,66
ITEM_0007,2025-02-19,42
ITEM_0007,2025-02-18,58
ITEM_0007,2025-02-17,45
ITEM_0007,2025-02-16,42
ITEM_0007,2025-02-15,21
ITEM_0007,2025-02-14,28
ITEM_0007,2025-02-13,33
ITEM_0007,2025-02-12,46
ITEM_0007,2025-02-11,54
ITEM_0007,2025-02-10,56
ITEM_0007,2025-02-09,7
ITEM_0007,2025-02-08,55
ITEM_0007,2025-02-07,46
ITEM_0007,2025-02-06,46
ITEM_0007,2025-02-05,63
ITEM_0007,2025-02-04,49
ITEM_0007,2025-02-03,59
ITEM_0007,2025-02-02,72
ITEM_0007,2025-02-01,46
ITEM_0007,2025-01-31,29
ITEM_0007,2025-01-30,34
ITEM_0007,2025-01-29,61
ITEM_0007,2025-01-28,71
ITEM_0007,2025-01-27,35
ITEM_0007,2025-01-26,56
ITEM_0007,2025-01-25,30
ITEM_0007,2025-01-24,35
ITEM_0007,2025-01-23,74
ITEM_0007,2025-01-22,47
ITEM_0007,2025-01-21,45
ITEM_0007,2025-01-20,71
ITEM_0007,2025-01-19,35
ITEM_0007,2025-01-18,64
ITEM_0007,2025-01-17,72
ITEM_0007,2025-01-16,33
ITEM_0007,2025-01-15,63
ITEM_0007,2025-01-14,63
ITEM_0007,2025-01-13,67
ITEM_0007,2025-01-12,62
ITEM_0007,2025-01-11,35
ITEM_0007,2025-01-10,64
ITEM_0007,2025-01-09,50
ITEM_0007,2025-01-08,63
ITEM_0007,2025-01-07,45
ITEM_0007,2025-01-06,29
ITEM_0007,2025-01-05,39
ITEM_0007,2025-01-04,40
ITEM_0007,2025-01-03,43
ITEM_0007,2025-01-02,20
ITEM_0007,2025-01-01,76
ITEM_0007,2024-12-31,51
ITEM_0007,2024-12-30,48
ITEM_0007,2024-12-29,53
ITEM_0007,2024-12-28,52
ITEM_0007,2024-12-27,51
ITEM_0007,2024-12-26,47
ITEM_0007,2024-12-25,44
ITEM_0007,2024-12-24,57
ITEM_0007,2024-12-23,60
ITEM_0007,2024-12-22,29
ITEM_0007,2024-12-21,36
ITEM_0007,2024-12-20,47
ITEM_0007,2024-12-19,98
ITEM_0007,2024-12-18,46
ITEM_0007,2024-12-17,75
ITEM_0007,2024-12-16,35
ITEM_0007,2024-12-15,24
ITEM_0007,2024-12-14,68
ITEM_0007,2024-12-13,62
ITEM_0007,2024-12-12,34
ITEM_0007,2024-12-11,47
ITEM_0007,2024-12-10,29
ITEM_0007,2024-12-09,68
ITEM_0007,2024-12-08,35
ITEM_0007,2024-12-07,43
ITEM_0007,2024-12-06,49
ITEM_0007,2024-12-05,58
ITEM_0007,2024-12-04,54
ITEM_0007,2024-12-03,38
ITEM_0007,2024-12-02,44
ITEM_0007,2024-12-01,45
ITEM_0007,2024-11-30,54
ITEM_0007,2024-11-29,48
ITEM_0007,2024-11-28,31
ITEM_0007,2024-11-27,53
ITEM_0007,2024-11-26,67
ITEM_0007,2024-11-25,57
ITEM_0007,2024-11-24,32
ITEM_0007,2024-11-23,81
ITEM_0007,2024-11-22,26
ITEM_0007,2024-11-21,85
ITEM_0007,2024-11-20,34
ITEM_0007,2024-11-19,77
ITEM_0007,2024-11-18,45
ITEM_0007,2024-11-17,75
ITEM_0007,2024-11-16,46
ITEM_0007,2024-11-15,50
ITEM_0007,2024-11-14,40
ITEM_0007,2024-11-13,42
ITEM_0007,2024-11-12,37
ITEM_0007,2024-11-11,62
ITEM_0007,2024-11-10,36
ITEM_0007,2024-11-09,50
ITEM_0007,2024-11-08,15
ITEM_0007,2024-11-07,56
ITEM_0007,2024-11-06,65
ITEM_0007,2024-11-05,49
ITEM_0007,2024-11-04,43
ITEM_0007,2024-11-03,48
ITEM_0007,2024-11-02,47
ITEM_0007,2024-11-01,52
ITEM_0007,2024-10-31,17
ITEM_0007,2024-10-30,15
ITEM_0007,2024-10-29,25
ITEM_0007,2024-10-28,50
ITEM_0007,2024-10-27,62
ITEM_0007,2024-10-26,42
ITEM_0007,2024-10-25,56
ITEM_0007,2024-10-24,49
ITEM_0007,2024-10-23,62
ITEM_0007,2024-10-22,32
ITEM_0007,2024-10-21,52
ITEM_0007,2024-10-20,71
ITEM_0007,2024-10-19,61
ITEM_0007,2024-10-18,41
ITEM_0007,2024-10-17,35
ITEM_0007,2024-10-16,42
ITEM_0007,2024-10-15,42
ITEM_0007,2024-10-14,52
ITEM_0007,2024-10-13,56
ITEM_0007,2024-10-12,53
ITEM_0007,2024-10-11,66
ITEM_0007,2024-10-10,59
ITEM_0007,2024-10-09,46
ITEM_0007,2024-10-08,39
ITEM_0007,2024-10-07,24
ITEM_0007,2024-10-06,63
ITEM_0007,2024-10-05,62
ITEM_0007,2024-10-04,45
ITEM_0007,2024-10-03,82
ITEM_0007,2024-10-02,42
ITEM_0007,2024-10-01,34
ITEM_0007,2024-09-30,47
ITEM_0007,2024-09-29,57
ITEM_0007,2024-09-28,63
ITEM_0007,2024-09-27,54
ITEM_0007,2024-09-26,44
ITEM_0007,2024-09-25,29
ITEM_0007,2024-09-24,53
ITEM_0007,2024-09-23,28
ITEM_0007,2024-09-22,66
ITEM_0007,2024-09-21,41
ITEM_0007,2024-09-20,26
ITEM_0007,2024-09-19,69
ITEM_0007,2024-09-18,42
ITEM_0007,2024-09-17,63
ITEM_0007,2024-09-16,65
ITEM_0007,2024-09-15,47
ITEM_0007,2024-09-14,51
ITEM_0007,2024-09-13,46
ITEM_0007,2024-09-12,75
ITEM_0007,2024-09-11,40
ITEM_0007,2024-09-10,39
ITEM_0007,2024-09-09,37
ITEM_0007,2024-09-08,23
ITEM_0007,2024-09-07,49
ITEM_0007,2024-09-06,75
ITEM_0007,2024-09-05,59
ITEM_0007,2024-09-04,60
ITEM_0007,2024-09-03,33
ITEM_0007,2024-09-02,40
ITEM_0007,2024-09-01,64
ITEM_0007,2024-08-31,60
ITEM_0007,2024-08-30,48
ITEM_0007,2024-08-29,32
ITEM_0007,2024-08-28,68
ITEM_0007,2024-08-27,89
ITEM_0007,2024-08-26,59
ITEM_0007,2024-08-25,43
ITEM_0007,2024-08-24,32
ITEM_0007,2024-08-23,64
ITEM_0007,2024-08-22,57
ITEM_0007,2024-08-21,57
ITEM_0007,2024-08-20,66
ITEM_0007,2024-08-19,50
ITEM_0007,2024-08-18,46
ITEM_0007,2024-08-17,56
ITEM_0007,2024-08-16,36
ITEM_0007,2024-08-15,62
ITEM_0007,2024-08-14,51
ITEM_0007,2024-08-13,41
ITEM_0007,2024-08-12,53
ITEM_0007,2024-08-11,36
ITEM_0007,2024-08-10,73
ITEM_0007,2024-08-09,59
ITEM_0007,2024-08-08,48
ITEM_0007,2024-08-07,39
ITEM_0007,2024-08-06,51
ITEM_0007,2024-08-05,59
ITEM_0007,2024-08-04,47
ITEM_0007,2024-08-03,63
ITEM_0007,2024-08-02,40
ITEM_0007,2024-08-01,31
ITEM_0007,2024-07-31,48
ITEM_0007,2024-07-30,66
ITEM_0007,2024-07-29,56
ITEM_0007,2024-07-28,52
ITEM_0007,2024-07-27,40
ITEM_0007,2024-07-26,32
ITEM_0007,2024-07-25,42
ITEM_0007,2024-07-24,34
ITEM_0007,2024-07-23,66
ITEM_0007,2024-07-22,30
ITEM_0007,2024-07-21,54
ITEM_0007,2024-07-20,31
ITEM_0007,2024-07-19,56
ITEM_0007,2024-07-18,47
ITEM_0007,2024-07-17,64
ITEM_0007,2024-07-16,74
ITEM_0007,2024-07-15,69
ITEM_0007,2024-07-14,27
ITEM_0007,2024-07-13,51
ITEM_0007,2024-07-12,65
ITEM_0007,2024-07-11,66
ITEM_0007,2024-07-10,29
ITEM_0007,2024-07-09,58
ITEM_0007,2024-07-08,36
ITEM_0007,2024-07-07,28
ITEM_0007,2024-07-06,63
ITEM_0007,2024-07-05,32
ITEM_0007,2024-07-04,51
ITEM_0007,2024-07-03,35
ITEM_0007,2024-07-02,58
ITEM_0007,2024-07-01,42
ITEM_0007,2024-06-30,29
ITEM_0007,2024-06-29,36
ITEM_0007,2024-06-28,41
ITEM_0007,2024-06-27,9
ITEM_0007,2024-06-26,76
ITEM_0007,2024-06-25,41
ITEM_0007,2024-06-24,34
ITEM_0007,2024-06-23,30
ITEM_0007,2024-06-22,46
ITEM_0007,2024-06-21,60
ITEM_0007,2024-06-20,45
ITEM_0007,2024-06-19,37
ITEM_0007,2024-06-18,27
ITEM_0007,2024-06-17,61
ITEM_0007,2024-06-16,24
ITEM_0007,2024-06-15,45
ITEM_0008,2025-06-14,7
ITEM_0008,2025-06-13,7
ITEM_0008,2025-06-12,5
ITEM_0008,2025-06-11,5
ITEM_0008,2025-06-10,2
ITEM_0008,2025-06-09,5
ITEM_0008,2025-06-08,8
ITEM_0008,2025-06-07,8
ITEM_0008,2025-06-06,7
ITEM_0008,2025-06-05,9
ITEM_0008,2025-06-04,7
ITEM_0008,2025-06-03,3
ITEM_0008,2025-06-02,5
ITEM_0008,2025-06-01,7
ITEM_0008,2025-05-31,6
ITEM_0008,2025-05-30,3
ITEM_0008,2025-05-29,5
ITEM_0008,2025-05-28,7
ITEM_0008,2025-05-27,8
ITEM_0008,2025-05-26,5
ITEM_0008,2025-05-25,7
ITEM_0008,2025-05-24,7
ITEM_0008,2025-05-23,5
ITEM_0008,2025-05-22,9
ITEM_0008,2025-05-21,8
ITEM_0008,2025-05-20,10
ITEM_0008,2025-05-19,6
ITEM_0008,2025-05-18,5
ITEM_0008,2025-05-17,11
ITEM_0008,2025-05-16,8
ITEM_0008,2025-05-15,12
ITEM_0008,2025-05-14,7
ITEM_0008,2025-05-13,5
ITEM_0008,2025-05-12,5
ITEM_0008,2025-05-11,3
ITEM_0008,2025-05-10,7
ITEM_0008,2025-05-09,6
ITEM_0008,2025-05-08,5
ITEM_0008,2025-05-07,2
ITEM_0008,2025-05-06,5
ITEM_0008,2025-05-05,8
ITEM_0008,2025-05-04,9
ITEM_0008,2025-05-03,8
ITEM_0008,2025-05-02,9
ITEM_0008,2025-05-01,8
ITEM_0008,2025-04-30,8
ITEM_0008,2025-04-29,6
ITEM_0008,2025-04-28,5
ITEM_0008,2025-04-27,7
ITEM_0008,2025-04-26,7
ITEM_0008,2025-04-25,12
ITEM_0008,2025-04-24,2
ITEM_0008,2025-04-23,8
ITEM_0008,2025-04-22,10
ITEM_0008,2025-04-21,7
ITEM_0008,2025-04-20,9
ITEM_0008,2025-04-19,9
ITEM_0008,2025-04-18,4
ITEM_0008,2025-04-17,5
ITEM_0008,2025-04-16,8
ITEM_0008,2025-04-15,7
ITEM_0008,2025-04-14,7
ITEM_0008,2025-04-13,6
ITEM_0008,2025-04-12,6
ITEM_0008,2025-04-11,8
ITEM_0008,2025-04-10,7
ITEM_0008,2025-04-09,7
ITEM_0008,2025-04-08,8
ITEM_0008,2025-04-07,10
ITEM_0008,2025-04-06,8
ITEM_0008,2025-04-05,1
ITEM_0008,2025-04-04,6
ITEM_0008,2025-04-03,5
ITEM_0008,2025-04-02,6
ITEM_0008,2025-04-01,4
ITEM_0008,2025-03-31,6
ITEM_0008,2025-03-30,5
ITEM_0008,2025-03-29,8
ITEM_0008,2025-03-28,7
ITEM_0008,2025-03-27,9
ITEM_0008,2025-03-26,5
ITEM_0008,2025-03-25,3
ITEM_0008,2025-03-24,11
ITEM_0008,2025-03-23,8
ITEM_0008,2025-03-22,3
ITEM_0008,2025-03-21,7
ITEM_0008,2025-03-20,11
ITEM_0008,2025-03-19,5
ITEM_0008,2025-03-18,6
ITEM_0008,2025-03-17,7
ITEM_0008,2025-03-16,7
ITEM_0008,2025-03-15,5
ITEM_0008,2025-03-14,9
ITEM_0008,2025-03-13,5
ITEM_0008,2025-03-12,7
ITEM_0008,2025-03-11,6
ITEM_0008,2025-03-10,10
ITEM_0008,2025-03-09,7
ITEM_0008,2025-03-08,3
ITEM_0008,2025-03-07,8
ITEM_0008,2025-03-06,5
ITEM_0008,2025-03-05,9
ITEM_0008,2025-03-04,8
ITEM_0008,2025-03-03,9
ITEM_0008,2025-03-02,5
ITEM_0008,2025-03-01,8
ITEM_0008,2025-02-28,5
ITEM_0008,2025-02-27,14
ITEM_0008,2025-02-26,6
ITEM_0008,2025-02-25,11
ITEM_0008,2025-02-24,10
ITEM_0008,2025-02-23,9
ITEM_0008,2025-02-22,6
ITEM_0008,2025-02-21,5
ITEM_0008,2025-02-20,7
ITEM_0008,2025-02-19,7
ITEM_0008,2025-02-18,6
ITEM_0008,2025-02-17,9
ITEM_0008,2025-02-16,5
ITEM_0008,2025-02-15,6
ITEM_0008,2025-02-14,5
ITEM_0008,2025-02-13,9
ITEM_0008,2025-02-12,3
ITEM_0008,2025-02-11,8
ITEM_0008,2025-02-10,7
ITEM_0008,2025-02-09,10
ITEM_0008,2025-02-08,7
ITEM_0008,2025-02-07,4
ITEM_0008,2025-02-06,6
ITEM_0008,2025-02-05,4
ITEM_0008,2025-02-04,6
ITEM_0008,2025-02-03,9
ITEM_0008,2025-02-02,11
ITEM_0008,2025-02-01,6
ITEM_0008,2025-01-31,10
ITEM_0008,2025-01-30,5
ITEM_0008,2025-01-29,6
ITEM_0008,2025-01-28,9
ITEM_0008,2025-01-27,8
ITEM_0008,2025-01-26,4
ITEM_0008,2025-01-25,7
ITEM_0008,2025-01-24,9
ITEM_0008,2025-01-23,10
ITEM_0008,2025-01-22,6
ITEM_0008,2025-01-21,5
ITEM_0008,2025-01-20,6
ITEM_0008,2025-01-19,6
ITEM_0008,2025-01-18,7
ITEM_0008,2025-01-17,8
ITEM_0008,2025-01-16,7
ITEM_0008,2025-01-15,6
ITEM_0008,2025-01-14,13
ITEM_0008,2025-01-13,7
ITEM_0008,2025-01-12,2
ITEM_0008,2025-01-11,9
ITEM_0008,2025-01-10,5
ITEM_0008,2025-01-09,6
ITEM_0008,2025-01-08,10
ITEM_0008,2025-01-07,4
ITEM_0008,2025-01-06,3
ITEM_0008,2025-01-05,6
ITEM_0008,2025-01-04,3
ITEM_0008,2025-01-03,8
ITEM_0008,2025-01-02,3
ITEM_0008,2025-01-01,7
ITEM_0008,2024-12-31,3
ITEM_0008,2024-12-30,10
ITEM_0008,2024-12-29,11
ITEM_0008,2024-12-28,11
ITEM_0008,2024-12-27,9
ITEM_0008,2024-12-26,7
ITEM_0008,2024-12-25,10
ITEM_0008,2024-12-24,5
ITEM_0008,2024-12-23,5
ITEM_0008,2024-12-22,7
ITEM_0008,2024-12-21,5
ITEM_0008,2024-12-20,5
ITEM_0008,2024-12-19,9
ITEM_0008,2024-12-18,8
ITEM_0008,2024-12-17,5
ITEM_0008,2024-12-16,6
ITEM_0008,2024-12-15,5
ITEM_0008,2024-12-14,4
ITEM_0008,2024-12-13,5
ITEM_0008,2024-12-12,7
ITEM_0008,2024-12-11,6
ITEM_0008,2024-12-10,9
ITEM_0008,2024-12-09,7
ITEM_0008,2024-12-08,4
ITEM_0008,2024-12-07,8
ITEM_0008,2024-12-06,7
ITEM_0008,2024-12-05,6
ITEM_0008,2024-12-04,8
ITEM_0008,2024-12-03,11
ITEM_0008,2024-12-02,3
ITEM_0008,2024-12-01,5
ITEM_0008,2024-11-30,4
ITEM_0008,2024-11-29,10
ITEM_0008,2024-11-28,6
ITEM_0008,2024-11-27,7
ITEM_0008,2024-11-26,8
ITEM_0008,2024-11-25,7
ITEM_0008,2024-11-24,10
ITEM_0008,2024-11-23,6
ITEM_0008,2024-11-22,4
ITEM_0008,2024-11-21,8
ITEM_0008,2024-11-20,11
ITEM_0008,2024-11-19,8
ITEM_0008,2024-11-18,8
ITEM_0008,2024-11-17,3
ITEM_0008,2024-11-16,6
ITEM_0008,2024-11-15,6
ITEM_0008,2024-11-14,4
ITEM_0008,2024-11-13,12
ITEM_0008,2024-11-12,5
ITEM_0008,2024-11-11,10
ITEM_0008,2024-11-10,9
ITEM_0008,2024-11-09,10
ITEM_0008,2024-11-08,7
ITEM_0008,2024-11-07,7
ITEM_0008,2024-11-06,5
ITEM_0008,2024-11-05,9
ITEM_0008,2024-11-04,7
ITEM_0008,2024-11-03,6
ITEM_0008,2024-11-02,8
ITEM_0008,2024-11-01,9
ITEM_0008,2024-10-31,8
ITEM_0008,2024-10-30,9
ITEM_0008,2024-10-29,7
ITEM_0008,2024-10-28,6
ITEM_0008,2024-10-27,5
ITEM_0008,2024-10-26,7
ITEM_0008,2024-10-25,6
ITEM_0008,2024-10-24,8
ITEM_0008,2024-10-23,9
ITEM_0008,2024-10-22,9
ITEM_0008,2024-10-21,5
ITEM_0008,2024-10-20,3
ITEM_0008,2024-10-19,7
ITEM_0008,2024-10-18,10
ITEM_0008,2024-10-17,7
ITEM_0008,2024-10-16,7
ITEM_0008,2024-10-15,9
ITEM_0008,2024-10-14,4
ITEM_0008,2024-10-13,5
ITEM_0008,2024-10-12,7
ITEM_0008,2024-10-11,5
ITEM_0008,2024-10-10,5
ITEM_0008,2024-10-09,8
ITEM_0008,2024-10-08,7
ITEM_0008,2024-10-07,7
ITEM_0008,2024-10-06,3
ITEM_0008,2024-10-05,8
ITEM_0008,2024-10-04,7
ITEM_0008,2024-10-03,6
ITEM_0008,2024-10-02,10
ITEM_0008,2024-10-01,5
ITEM_0008,2024-09-30,8
ITEM_0008,2024-09-29,6
ITEM_0008,2024-09-28,6
ITEM_0008,2024-09-27,5
ITEM_0008,2024-09-26,5
ITEM_0008,2024-09-25,8
ITEM_0008,2024-09-24,10
ITEM_0008,2024-09-23,8
ITEM_0008,2024-09-22,7
ITEM_0008,2024-09-21,7
ITEM_0008,2024-09-20,4
ITEM_0008,2024-09-19,8
ITEM_0008,2024-09-18,9
ITEM_0008,2024-09-17,6
ITEM_0008,2024-09-16,8
ITEM_0008,2024-09-15,7
ITEM_0008,2024-09-14,11
ITEM_0008,2024-09-13,3
ITEM_0008,2024-09-12,6
ITEM_0008,2024-09-11,10
ITEM_0008,2024-09-10,7
ITEM_0008,2024-09-09,6
ITEM_0008,2024-09-08,4
ITEM_0008,2024-09-07,7
ITEM_0008,2024-09-06,8
ITEM_0008,2024-09-05,8
ITEM_0008,2024-09-04,3
ITEM_0008,2024-09-03,6
ITEM_0008,2024-09-02,8
ITEM_0008,2024-09-01,6
ITEM_0008,2024-08-31,7
ITEM_0008,2024-08-30,9
ITEM_0008,2024-08-29,5
ITEM_0008,2024-08-28,4
ITEM_0008,2024-08-27,6
ITEM_0008,2024-08-26,8
ITEM_0008,2024-08-25,6
ITEM_0008,2024-08-24,6
ITEM_0008,2024-08-23,9
ITEM_0008,2024-08-22,7
ITEM_0008,2024-08-21,5
ITEM_0008,2024-08-20,6
ITEM_0008,2024-08-19,9
ITEM_0008,2024-08-18,9
ITEM_0008,2024-08-17,4
ITEM_0008,2024-08-16,10
ITEM_0008,2024-08-15,10
ITEM_0008,2024-08-14,6
ITEM_0008,2024-08-13,5
ITEM_0008,2024-08-12,8
ITEM_0008,2024-08-11,2
ITEM_0008,2024-08-10,9
ITEM_0008,2024-08-09,6
ITEM_0008,2024-08-08,9
ITEM_0008,2024-08-07,4
ITEM_0008,2024-08-06,7
ITEM_0008,2024-08-05,9
ITEM_0008,2024-08-04,5
ITEM_0008,2024-08-03,6
ITEM_0008,2024-08-02,4
ITEM_0008,2024-08-01,9
ITEM_0008,2024-07-31,8
ITEM_0008,2024-07-30,6
ITEM_0008,2024-07-29,8
ITEM_0008,2024-07-28,3
ITEM_0008,2024-07-27,2
ITEM_0008,2024-07-26,7
ITEM_0008,2024-07-25,9
ITEM_0008,2024-07-24,5
ITEM_0008,2024-07-23,7
ITEM_0008,2024-07-22,4
ITEM_0008,2024-07-21,4
ITEM_0008,2024-07-20,6
ITEM_0008,2024-07-19,8
ITEM_0008,2024-07-18,5
ITEM_0008,2024-07-17,9
ITEM_0008,2024-07-16,8
ITEM_0008,2024-07-15,6
ITEM_0008,2024-07-14,0
ITEM_0008,2024-07-13,7
ITEM_0008,2024-07-12,10
ITEM_0008,2024-07-11,9
ITEM_0008,2024-07-10,7
ITEM_0008,2024-07-09,6
ITEM_0008,2024-07-08,8
ITEM_0008,2024-07-07,6
ITEM_0008,2024-07-06,6
ITEM_0008,2024-07-05,2
ITEM_0008,2024-07-04,3
ITEM_0008,2024-07-03,4
ITEM_0008,2024-07-02,7
ITEM_0008,2024-07-01,5
ITEM_0008,2024-06-30,10
ITEM_0008,2024-06-29,7
ITEM_0008,2024-06-28,8
ITEM_0008,2024-06-27,7
ITEM_0008,2024-06-26,8
ITEM_0008,2024-06-25,6
ITEM_0008,2024-06-24,5
ITEM_0008,2024-06-23,9
ITEM_0008,2024-06-22,3
ITEM_0008,2024-06-21,6
ITEM_0008,2024-06-20,7
ITEM_0008,2024-06-19,8
ITEM_0008,2024-06-18,7
ITEM_0008,2024-06-17,3
ITEM_0008,2024-06-16,9
ITEM_0008,2024-06-15,6
ITEM_0009,2025-06-14,32
ITEM_0009,2025-06-13,39
ITEM_0009,2025-06-12,14
ITEM_0009,2025-06-11,37
ITEM_0009,2025-06-10,22
ITEM_0009,2025-06-09,34
ITEM_0009,2025-06-08,34
ITEM_0009,2025-06-07,34
ITEM_0009,2025-06-06,53
ITEM_0009,2025-06-05,28
ITEM_0009,2025-06-04,33
ITEM_0009,2025-06-03,29
ITEM_0009,2025-06-02,39
ITEM_0009,2025-06-01,58
ITEM_0009,2025-05-31,45
ITEM_0009,2025-05-30,39
ITEM_0009,2025-05-29,27
ITEM_0009,2025-05-28,44
ITEM_0009,2025-05-27,33
ITEM_0009,2025-05-26,29
ITEM_0009,2025-05-25,49
ITEM_0009,2025-05-24,43
ITEM_0009,2025-05-23,27
ITEM_0009,2025-05-22,35
ITEM_0009,2025-05-21,21
ITEM_0009,2025-05-20,40
ITEM_0009,2025-05-19,25
ITEM_0009,2025-05-18,46
ITEM_0009,2025-05-17,32
ITEM_0009,2025-05-16,25
ITEM_0009,2025-05-15,34
ITEM_0009,2025-05-14,19
ITEM_0009,2025-05-13,30
ITEM_0009,2025-05-12,33
ITEM_0009,2025-05-11,17
ITEM_0009,2025-05-10,39
ITEM_0009,2025-05-09,30
ITEM_0009,2025-05-08,38
ITEM_0009,2025-05-07,34
ITEM_0009,2025-05-06,25
ITEM_0009,2025-05-05,17
ITEM_0009,2025-05-04,25
ITEM_0009,2025-05-03,46
ITEM_0009,2025-05-02,39
ITEM_0009,2025-05-01,49
ITEM_0009,2025-04-30,30
ITEM_0009,2025-04-29,35
ITEM_0009,2025-04-28,26
ITEM_0009,2025-04-27,25
ITEM_0009,2025-04-26,44
ITEM_0009,2025-04-25,22
ITEM_0009,2025-04-24,25
ITEM_0009,2025-04-23,43
ITEM_0009,2025-04-22,39
ITEM_0009,2025-04-21,39
ITEM_0009,2025-04-20,36
ITEM_0009,2025-04-19,39
ITEM_0009,2025-04-18,27
ITEM_0009,2025-04-17,46
ITEM_0009,2025-04-16,27
ITEM_0009,2025-04-15,16
ITEM_0009,2025-04-14,24
ITEM_0009,2025-04-13,13
ITEM_0009,2025-04-12,44
ITEM_0009,2025-04-11,43
ITEM_0009,2025-04-10,34
ITEM_0009,2025-04-09,31
ITEM_0009,2025-04-08,34
ITEM_0009,2025-04-07,20
ITEM_0009,2025-04-06,30
ITEM_0009,2025-04-05,27
ITEM_0009,2025-04-04,36
ITEM_0009,2025-04-03,49
ITEM_0009,2025-04-02,45
ITEM_0009,2025-04-01,30
ITEM_0009,2025-03-31,36
ITEM_0009,2025-03-30,27
ITEM_0009,2025-03-29,0
ITEM_0009,2025-03-28,23
ITEM_0009,2025-03-27,31
ITEM_0009,2025-03-26,24
ITEM_0009,2025-03-25,26
ITEM_0009,2025-03-24,27
ITEM_0009,2025-03-23,39
ITEM_0009,2025-03-22,41
ITEM_0009,2025-03-21,35
ITEM_0009,2025-03-20,27
ITEM_0009,2025-03-19,26
ITEM_0009,2025-03-18,33
ITEM_0009,2025-03-17,38
ITEM_0009,2025-03-16,52
ITEM_0009,2025-03-15,26
ITEM_0009,2025-03-14,29
ITEM_0009,2025-03-13,26
ITEM_0009,2025-03-12,52
ITEM_0009,2025-03-11,14
ITEM_0009,2025-03-10,16
ITEM_0009,2025-03-09,18
ITEM_0009,2025-03-08,26
ITEM_0009,2025-03-07,15
ITEM_0009,2025-03-06,45
ITEM_0009,2025-03-05,49
ITEM_0009,2025-03-04,42
ITEM_0009,2025-03-03,29
ITEM_0009,2025-03-02,51
ITEM_0009,2025-03-01,40
ITEM_0009,2025-02-28,22
ITEM_0009,2025-02-27,30
ITEM_0009,2025-02-26,43
ITEM_0009,2025-02-25,31
ITEM_0009,2025-02-24,31
ITEM_0009,2025-02-23,25
ITEM_0009,2025-02-22,47
ITEM_0009,2025-02-21,30
ITEM_0009,2025-02-20,23
ITEM_0009,2025-02-19,21
ITEM_0009,2025-02-18,22
ITEM_0009,2025-02-17,32
ITEM_0009,2025-02-16,45
ITEM_0009,2025-02-15,38
ITEM_0009,2025-02-14,36
ITEM_0009,2025-02-13,23
ITEM_0009,2025-02-12,64
ITEM_0009,2025-02-11,36
ITEM_0009,2025-02-10,39
ITEM_0009,2025-02-09,42
ITEM_0009,2025-02-08,32
ITEM_0009,2025-02-07,43
ITEM_0009,2025-02-06,16
ITEM_0009,2025-02-05,44
ITEM_0009,2025-02-04,30
ITEM_0009,2025-02-03,37
ITEM_0009,2025-02-02,24
ITEM_0009,2025-02-01,39
ITEM_0009,2025-01-31,44
ITEM_0009,2025-01-30,38
ITEM_0009,2025-01-29,30
ITEM_0009,2025-01-28,40
ITEM_0009,2025-01-27,29
ITEM_0009,2025-01-26,25
ITEM_0009,2025-01-25,43
ITEM_0009,2025-01-24,29
ITEM_0009,2025-01-23,38
ITEM_0009,2025-01-22,31
ITEM_0009,2025-01-21,13
ITEM_0009,2025-01-20,35
ITEM_0009,2025-01-19,35
ITEM_0009,2025-01-18,31
ITEM_0009,2025-01-17,49
ITEM_0009,2025-01-16,37
ITEM_0009,2025-01-15,45
ITEM_0009,2025-01-14,23
ITEM_0009,2025-01-13,38
ITEM_0009,2025-01-12,22
ITEM_0009,2025-01-11,33
ITEM_0009,2025-01-10,46
ITEM_0009,2025-01-09,30
ITEM_0009,2025-01-08,40
ITEM_0009,2025-01-07,26
ITEM_0009,2025-01-06,53
ITEM_0009,2025-01-05,27
ITEM_0009,2025-01-04,39
ITEM_0009,2025-01-03,30
ITEM_0009,2025-01-02,19
ITEM_0009,2025-01-01,34
ITEM_0009,2024-12-31,37
ITEM_0009,2024-12-30,47
ITEM_0009,2024-12-29,24
ITEM_0009,2024-12-28,32
ITEM_0009,2024-12-27,29
ITEM_0009,2024-12-26,49
ITEM_0009,2024-12-25,25
ITEM_0009,2024-12-24,46
ITEM_0009,2024-12-23,46
ITEM_0009,2024-12-22,33
ITEM_0009,2024-12-21,30
ITEM_0009,2024-12-20,25
ITEM_0009,2024-12-19,32
ITEM_0009,2024-12-18,44
ITEM_0009,2024-12-17,19
ITEM_0009,2024-12-16,36
ITEM_0009,2024-12-15,27
ITEM_0009,2024-12-14,21
ITEM_0009,2024-12-13,35
ITEM_0009,2024-12-12,18
ITEM_0009,2024-12-11,51
ITEM_0009,2024-12-10,25
ITEM_0009,2024-12-09,39
ITEM_0009,2024-12-08,43
ITEM_0009,2024-12-07,43
ITEM_0009,2024-12-06,30
ITEM_0009,2024-12-05,49
ITEM_0009,2024-12-04,37
ITEM_0009,2024-12-03,50
ITEM_0009,2024-12-02,26
ITEM_0009,2024-12-01,24
ITEM_0009,2024-11-30,20
ITEM_0009,2024-11-29,30
ITEM_0009,2024-11-28,37
ITEM_0009,2024-11-27,41
ITEM_0009,2024-11-26,27
ITEM_0009,2024-11-25,29
ITEM_0009,2024-11-24,11
ITEM_0009,2024-11-23,43
ITEM_0009,2024-11-22,35
ITEM_0009,2024-11-21,24
ITEM_0009,2024-11-20,34
ITEM_0009,2024-11-19,41
ITEM_0009,2024-11-18,30
ITEM_0009,2024-11-17,30
ITEM_0009,2024-11-16,38
ITEM_0009,2024-11-15,40
ITEM_0009,2024-11-14,21
ITEM_0009,2024-11-13,36
ITEM_0009,2024-11-12,40
ITEM_0009,2024-11-11,31
ITEM_0009,2024-11-10,39
ITEM_0009,2024-11-09,37
ITEM_0009,2024-11-08,23
ITEM_0009,2024-11-07,19
ITEM_0009,2024-11-06,47
ITEM_0009,2024-11-05,36
ITEM_0009,2024-11-04,21
ITEM_0009,2024-11-03,35
ITEM_0009,2024-11-02,22
ITEM_0009,2024-11-01,34
ITEM_0009,2024-10-31,35
ITEM_0009,2024-10-30,30
ITEM_0009,2024-10-29,21
ITEM_0009,2024-10-28,33
ITEM_0009,2024-10-27,26
ITEM_0009,2024-10-26,34
ITEM_0009,2024-10-25,36
ITEM_0009,2024-10-24,42
ITEM_0009,2024-10-23,35
ITEM_0009,2024-10-22,22
ITEM_0009,2024-10-21,34
ITEM_0009,2024-10-20,30
ITEM_0009,2024-10-19,29
ITEM_0009,2024-10-18,33
ITEM_0009,2024-10-17,31
ITEM_0009,2024-10-16,39
ITEM_0009,2024-10-15,7
ITEM_0009,2024-10-14,8
ITEM_0009,2024-10-13,40
ITEM_0009,2024-10-12,18
ITEM_0009,2024-10-11,27
ITEM_0009,2024-10-10,14
ITEM_0009,2024-10-09,43
ITEM_0009,2024-10-08,24
ITEM_0009,2024-10-07,31
ITEM_0009,2024-10-06,39
ITEM_0009,2024-10-05,17
ITEM_0009,2024-10-04,42
ITEM_0009,2024-10-03,42
ITEM_0009,2024-10-02,31
ITEM_0009,2024-10-01,23
ITEM_0009,2024-09-30,44
ITEM_0009,2024-09-29,16
ITEM_0009,2024-09-28,38
ITEM_0009,2024-09-27,33
ITEM_0009,2024-09-26,33
ITEM_0009,2024-09-25,35
ITEM_0009,2024-09-24,34
ITEM_0009,2024-09-23,23
ITEM_0009,2024-09-22,39
ITEM_0009,2024-09-21,52
ITEM_0009,2024-09-20,22
ITEM_0009,2024-09-19,22
ITEM_0009,2024-09-18,55
ITEM_0009,2024-09-17,34
ITEM_0009,2024-09-16,34
ITEM_0009,2024-09-15,39
ITEM_0009,2024-09-14,37
ITEM_0009,2024-09-13,33
ITEM_0009,2024-09-12,33
ITEM_0009,2024-09-11,46
ITEM_0009,2024-09-10,21
ITEM_0009,2024-09-09,34
ITEM_0009,2024-09-08,32
ITEM_0009,2024-09-07,37
ITEM_0009,2024-09-06,15
ITEM_0009,2024-09-05,31
ITEM_0009,2024-09-04,30
ITEM_0009,2024-09-03,26
ITEM_0009,2024-09-02,40
ITEM_0009,2024-09-01,39
ITEM_0009,2024-08-31,27
ITEM_0009,2024-08-30,36
ITEM_0009,2024-08-29,31
ITEM_0009,2024-08-28,23
ITEM_0009,2024-08-27,37
ITEM_0009,2024-08-26,36
ITEM_0009,2024-08-25,49
ITEM_0009,2024-08-24,28
ITEM_0009,2024-08-23,40
ITEM_0009,2024-08-22,44
ITEM_0009,2024-08-21,25
ITEM_0009,2024-08-20,23
ITEM_0009,2024-08-19,21
ITEM_0009,2024-08-18,20
ITEM_0009,2024-08-17,40
ITEM_0009,2024-08-16,32
ITEM_0009,2024-08-15,27
ITEM_0009,2024-08-14,50
ITEM_0009,2024-08-13,21
ITEM_0009,2024-08-12,32
ITEM_0009,2024-08-11,35
ITEM_0009,2024-08-10,48
ITEM_0009,2024-08-09,32
ITEM_0009,2024-08-08,48
ITEM_0009,2024-08-07,19
ITEM_0009,2024-08-06,39
ITEM_0009,2024-08-05,25
ITEM_0009,2024-08-04,19
ITEM_0009,2024-08-03,40
ITEM_0009,2024-08-02,33
ITEM_0009,2024-08-01,33
ITEM_0009,2024-07-31,45
ITEM_0009,2024-07-30,41
ITEM_0009,2024-07-29,26
ITEM_0009,2024-07-28,50
ITEM_0009,2024-07-27,17
ITEM_0009,2024-07-26,34
ITEM_0009,2024-07-25,38
ITEM_0009,2024-07-24,20
ITEM_0009,2024-07-23,49
ITEM_0009,2024-07-22,12
ITEM_0009,2024-07-21,11
ITEM_0009,2024-07-20,36
ITEM_0009,2024-07-19,11
ITEM_0009,2024-07-18,32
ITEM_0009,2024-07-17,38
ITEM_0009,2024-07-16,60
ITEM_0009,2024-07-15,17
ITEM_0009,2024-07-14,31
ITEM_0009,2024-07-13,35
ITEM_0009,2024-07-12,17
ITEM_0009,2024-07-11,34
ITEM_0009,2024-07-10,26
ITEM_0009,2024-07-09,28
ITEM_0009,2024-07-08,43
ITEM_0009,2024-07-07,35
ITEM_0009,2024-07-06,23
ITEM_0009,2024-07-05,45
ITEM_0009,2024-07-04,38
ITEM_0009,2024-07-03,26
ITEM_0009,2024-07-02,33
ITEM_0009,2024-07-01,29
ITEM_0009,2024-06-30,26
ITEM_0009,2024-06-29,35
ITEM_0009,2024-06-28,12
ITEM_0009,2024-06-27,34
ITEM_0009,2024-06-26,33
ITEM_0009,2024-06-25,24
ITEM_0009,2024-06-24,30
ITEM_0009,2024-06-23,37
ITEM_0009,2024-06-22,26
ITEM_0009,2024-06-21,28
ITEM_0009,2024-06-20,34
ITEM_0009,2024-06-19,23
ITEM_0009,2024-06-18,9
ITEM_0009,2024-06-17,28
ITEM_0009,2024-06-16,39
ITEM_0009,2024-06-15,50
ITEM_0010,2025-06-14,18
ITEM_0010,2025-06-13,12
ITEM_0010,2025-06-12,15
ITEM_0010,2025-06-11,17
ITEM_0010,2025-06-10,21
ITEM_0010,2025-06-09,17
ITEM_0010,2025-06-08,16
ITEM_0010,2025-06-07,22
ITEM_0010,2025-06-06,10
ITEM_0010,2025-06-05,19
ITEM_0010,2025-06-04,14
ITEM_0010,2025-06-03,21
ITEM_0010,2025-06-02,11
ITEM_0010,2025-06-01,21
ITEM_0010,2025-05-31,14
ITEM_0010,2025-05-30,16
ITEM_0010,2025-05-29,15
ITEM_0010,2025-05-28,26
ITEM_0010,2025-05-27,23
ITEM_0010,2025-05-26,14
ITEM_0010,2025-05-25,9
ITEM_0010,2025-05-24,20
ITEM_0010,2025-05-23,14
ITEM_0010,2025-05-22,7
ITEM_0010,2025-05-21,14
ITEM_0010,2025-05-20,19
ITEM_0010,2025-05-19,15
ITEM_0010,2025-05-18,18
ITEM_0010,2025-05-17,11
ITEM_0010,2025-05-16,9
ITEM_0010,2025-05-15,20
ITEM_0010,2025-05-14,21
ITEM_0010,2025-05-13,26
ITEM_0010,2025-05-12,15
ITEM_0010,2025-05-11,10
ITEM_0010,2025-05-10,24
ITEM_0010,2025-05-09,13
ITEM_0010,2025-05-08,12
ITEM_0010,2025-05-07,20
ITEM_0010,2025-05-06,17
ITEM_0010,2025-05-05,22
ITEM_0010,2025-05-04,15
ITEM_0010,2025-05-03,20
ITEM_0010,2025-05-02,17
ITEM_0010,2025-05-01,19
ITEM_0010,2025-04-30,22
ITEM_0010,2025-04-29,18
ITEM_0010,2025-04-28,16
ITEM_0010,2025-04-27,12
ITEM_0010,2025-04-26,11
ITEM_0010,2025-04-25,17
ITEM_0010,2025-04-24,18
ITEM_0010,2025-04-23,8
ITEM_0010,2025-04-22,16
ITEM_0010,2025-04-21,28
ITEM_0010,2025-04-20,7
ITEM_0010,2025-04-19,18
ITEM_0010,2025-04-18,22
ITEM_0010,2025-04-17,11
ITEM_0010,2025-04-16,16
ITEM_0010,2025-04-15,20
ITEM_0010,2025-04-14,9
ITEM_0010,2025-04-13,17
ITEM_0010,2025-04-12,14
ITEM_0010,2025-04-11,16
ITEM_0010,2025-04-10,14
ITEM_0010,2025-04-09,6
ITEM_0010,2025-04-08,5
ITEM_0010,2025-04-07,18
ITEM_0010,2025-04-06,26
ITEM_0010,2025-04-05,13
ITEM_0010,2025-04-04,24
ITEM_0010,2025-04-03,12
ITEM_0010,2025-04-02,8
ITEM_0010,2025-04-01,9
ITEM_0010,2025-03-31,16
ITEM_0010,2025-03-30,15
ITEM_0010,2025-03-29,9
ITEM_0010,2025-03-28,26
ITEM_0010,2025-03-27,10
ITEM_0010,2025-03-26,8
ITEM_0010,2025-03-25,15
ITEM_0010,2025-03-24,14
ITEM_0010,2025-03-23,17
ITEM_0010,2025-03-22,10
ITEM_0010,2025-03-21,8
ITEM_0010,2025-03-20,15
ITEM_0010,2025-03-19,22
ITEM_0010,2025-03-18,13
ITEM_0010,2025-03-17,19
ITEM_0010,2025-03-16,11
ITEM_0010,2025-03-15,23
ITEM_0010,2025-03-14,17
ITEM_0010,2025-03-13,28
ITEM_0010,2025-03-12,20
ITEM_0010,2025-03-11,23
ITEM_0010,2025-03-10,13
ITEM_0010,2025-03-09,10
ITEM_0010,2025-03-08,12
ITEM_0010,2025-03-07,12
ITEM_0010,2025-03-06,12
ITEM_0010,2025-03-05,16
ITEM_0010,2025-03-04,13
ITEM_0010,2025-03-03,19
ITEM_0010,2025-03-02,18
ITEM_0010,2025-03-01,17
ITEM_0010,2025-02-28,23
ITEM_0010,2025-02-27,20
ITEM_0010,2025-02-26,17
ITEM_0010,2025-02-25,18
ITEM_0010,2025-02-24,22
ITEM_0010,2025-02-23,13
ITEM_0010,2025-02-22,12
ITEM_0010,2025-02-21,15
ITEM_0010,2025-02-20,15
ITEM_0010,2025-02-19,25
ITEM_0010,2025-02-18,20
ITEM_0010,2025-02-17,11
ITEM_0010,2025-02-16,20
ITEM_0010,2025-02-15,13
ITEM_0010,2025-02-14,12
ITEM_0010,2025-02-13,12
ITEM_0010,2025-02-12,15
ITEM_0010,2025-02-11,18
ITEM_0010,2025-02-10,15
ITEM_0010,2025-02-09,28
ITEM_0010,2025-02-08,12
ITEM_0010,2025-02-07,13
ITEM_0010,2025-02-06,10
ITEM_0010,2025-02-05,10
ITEM_0010,2025-02-04,16
ITEM_0010,2025-02-03,18
ITEM_0010,2025-02-02,16
ITEM_0010,2025-02-01,18
ITEM_0010,2025-01-31,21
ITEM_0010,2025-01-30,20
ITEM_0010,2025-01-29,10
ITEM_0010,2025-01-28,13
ITEM_0010,2025-01-27,15
ITEM_0010,2025-01-26,24
ITEM_0010,2025-01-25,22
ITEM_0010,2025-01-24,8
ITEM_0010,2025-01-23,15
ITEM_0010,2025-01-22,15
ITEM_0010,2025-01-21,19
ITEM_0010,2025-01-20,20
ITEM_0010,2025-01-19,17
ITEM_0010,2025-01-18,21
ITEM_0010,2025-01-17,17
ITEM_0010,2025-01-16,16
ITEM_0010,2025-01-15,19
ITEM_0010,2025-01-14,22
ITEM_0010,2025-01-13,16
ITEM_0010,2025-01-12,13
ITEM_0010,2025-01-11,12
ITEM_0010,2025-01-10,27
ITEM_0010,2025-01-09,21
ITEM_0010,2025-01-08,18
ITEM_0010,2025-01-07,7
ITEM_0010,2025-01-06,4
ITEM_0010,2025-01-05,8
ITEM_0010,2025-01-04,12
ITEM_0010,2025-01-03,12
ITEM_0010,2025-01-02,19
ITEM_0010,2025-01-01,12
ITEM_0010,2024-12-31,22
ITEM_0010,2024-12-30,19
ITEM_0010,2024-12-29,13
ITEM_0010,2024-12-28,12
ITEM_0010,2024-12-27,12
ITEM_0010,2024-12-26,16
ITEM_0010,2024-12-25,13
ITEM_0010,2024-12-24,9
ITEM_0010,2024-12-23,21
ITEM_0010,2024-12-22,18
ITEM_0010,2024-12-21,11
ITEM_0010,2024-12-20,10
ITEM_0010,2024-12-19,19
ITEM_0010,2024-12-18,31
ITEM_0010,2024-12-17,15
ITEM_0010,2024-12-16,26
ITEM_0010,2024-12-15,17
ITEM_0010,2024-12-14,18
ITEM_0010,2024-12-13,23
ITEM_0010,2024-12-12,15
ITEM_0010,2024-12-11,25
ITEM_0010,2024-12-10,16
ITEM_0010,2024-12-09,5
ITEM_0010,2024-12-08,18
ITEM_0010,2024-12-07,14
ITEM_0010,2024-12-06,16
ITEM_0010,2024-12-05,19
ITEM_0010,2024-12-04,14
ITEM_0010,2024-12-03,26
ITEM_0010,2024-12-02,23
ITEM_0010,2024-12-01,24
ITEM_0010,2024-11-30,19
ITEM_0010,2024-11-29,11
ITEM_0010,2024-11-28,20
ITEM_0010,2024-11-27,17
ITEM_0010,2024-11-26,18
ITEM_0010,2024-11-25,9
ITEM_0010,2024-11-24,18
ITEM_0010,2024-11-23,27
ITEM_0010,2024-11-22,9
ITEM_0010,2024-11-21,11
ITEM_0010,2024-11-20,15
ITEM_0010,2024-11-19,17
ITEM_0010,2024-11-18,17
ITEM_0010,2024-11-17,14
ITEM_0010,2024-11-16,11
ITEM_0010,2024-11-15,5
ITEM_0010,2024-11-14,14
ITEM_0010,2024-11-13,23
ITEM_0010,2024-11-12,12
ITEM_0010,2024-11-11,22
ITEM_0010,2024-11-10,19
ITEM_0010,2024-11-09,11
ITEM_0010,2024-11-08,14
ITEM_0010,2024-11-07,20
ITEM_0010,2024-11-06,18
ITEM_0010,2024-11-05,17
ITEM_0010,2024-11-04,19
ITEM_0010,2024-11-03,20
ITEM_0010,2024-11-02,12
ITEM_0010,2024-11-01,22
ITEM_0010,2024-10-31,22
ITEM_0010,2024-10-30,11
ITEM_0010,2024-10-29,16
ITEM_0010,2024-10-28,21
ITEM_0010,2024-10-27,13
ITEM_0010,2024-10-26,17
ITEM_0010,2024-10-25,17
ITEM_0010,2024-10-24,19
ITEM_0010,2024-10-23,19
ITEM_0010,2024-10-22,15
ITEM_0010,2024-10-21,13
ITEM_0010,2024-10-20,18
ITEM_0010,2024-10-19,24
ITEM_0010,2024-10-18,14
ITEM_0010,2024-10-17,12
ITEM_0010,2024-10-16,9
ITEM_0010,2024-10-15,17
ITEM_0010,2024-10-14,11
ITEM_0010,2024-10-13,14
ITEM_0010,2024-10-12,19
ITEM_0010,2024-10-11,11
ITEM_0010,2024-10-10,15
ITEM_0010,2024-10-09,18
ITEM_0010,2024-10-08,21
ITEM_0010,2024-10-07,18
ITEM_0010,2024-10-06,22
ITEM_0010,2024-10-05,19
ITEM_0010,2024-10-04,20
ITEM_0010,2024-10-03,19
ITEM_0010,2024-10-02,20
ITEM_0010,2024-10-01,13
ITEM_0010,2024-09-30,14
ITEM_0010,2024-09-29,23
ITEM_0010,2024-09-28,21
ITEM_0010,2024-09-27,16
ITEM_0010,2024-09-26,14
ITEM_0010,2024-09-25,9
ITEM_0010,2024-09-24,9
ITEM_0010,2024-09-23,13
ITEM_0010,2024-09-22,15
ITEM_0010,2024-09-21,12
ITEM_0010,2024-09-20,14
ITEM_0010,2024-09-19,12
ITEM_0010,2024-09-18,20
ITEM_0010,2024-09-17,22
ITEM_0010,2024-09-16,19
ITEM_0010,2024-09-15,13
ITEM_0010,2024-09-14,15
ITEM_0010,2024-09-13,18
ITEM_0010,2024-09-12,12
ITEM_0010,2024-09-11,17
ITEM_0010,2024-09-10,16
ITEM_0010,2024-09-09,12
ITEM_0010,2024-09-08,17
ITEM_0010,2024-09-07,12
ITEM_0010,2024-09-06,18
ITEM_0010,2024-09-05,14
ITEM_0010,2024-09-04,25
ITEM_0010,2024-09-03,19
ITEM_0010,2024-09-02,21
ITEM_0010,2024-09-01,19
ITEM_0010,2024-08-31,7
ITEM_0010,2024-08-30,19
ITEM_0010,2024-08-29,17
ITEM_0010,2024-08-28,16
ITEM_0010,2024-08-27,19
ITEM_0010,2024-08-26,11
ITEM_0010,2024-08-25,19
ITEM_0010,2024-08-24,12
ITEM_0010,2024-08-23,11
ITEM_0010,2024-08-22,6
ITEM_0010,2024-08-21,17
ITEM_0010,2024-08-20,10
ITEM_0010,2024-08-19,11
ITEM_0010,2024-08-18,17
ITEM_0010,2024-08-17,17
ITEM_0010,2024-08-16,16
ITEM_0010,2024-08-15,15
ITEM_0010,2024-08-14,19
ITEM_0010,2024-08-13,14
ITEM_0010,2024-08-12,16
ITEM_0010,2024-08-11,16
ITEM_0010,2024-08-10,13
ITEM_0010,2024-08-09,12
ITEM_0010,2024-08-08,13
ITEM_0010,2024-08-07,18
ITEM_0010,2024-08-06,26
ITEM_0010,2024-08-05,12
ITEM_0010,2024-08-04,18
ITEM_0010,2024-08-03,7
ITEM_0010,2024-08-02,9
ITEM_0010,2024-08-01,6
ITEM_0010,2024-07-31,11
ITEM_0010,2024-07-30,14
ITEM_0010,2024-07-29,13
ITEM_0010,2024-07-28,13
ITEM_0010,2024-07-27,19
ITEM_0010,2024-07-26,1
ITEM_0010,2024-07-25,16
ITEM_0010,2024-07-24,20
ITEM_0010,2024-07-23,18
ITEM_0010,2024-07-22,14
ITEM_0010,2024-07-21,20
ITEM_0010,2024-07-20,18
ITEM_0010,2024-07-19,13
ITEM_0010,2024-07-18,15
ITEM_0010,2024-07-17,16
ITEM_0010,2024-07-16,15
ITEM_0010,2024-07-15,15
ITEM_0010,2024-07-14,21
ITEM_0010,2024-07-13,13
ITEM_0010,2024-07-12,15
ITEM_0010,2024-07-11,25
ITEM_0010,2024-07-10,22
ITEM_0010,2024-07-09,17
ITEM_0010,2024-07-08,20
ITEM_0010,2024-07-07,17
ITEM_0010,2024-07-06,15
ITEM_0010,2024-07-05,22
ITEM_0010,2024-07-04,19
ITEM_0010,2024-07-03,25
ITEM_0010,2024-07-02,21
ITEM_0010,2024-07-01,14
ITEM_0010,2024-06-30,9
ITEM_0010,2024-06-29,17
ITEM_0010,2024-06-28,9
ITEM_0010,2024-06-27,22
ITEM_0010,2024-06-26,23
ITEM_0010,2024-06-25,4
ITEM_0010,2024-06-24,11
ITEM_0010,2024-06-23,9
ITEM_0010,2024-06-22,8
ITEM_0010,2024-06-21,14
ITEM_0010,2024-06-20,14
ITEM_0010,2024-06-19,19
ITEM_0010,2024-06-18,21
ITEM_0010,2024-06-17,19
ITEM_0010,2024-06-16,24
ITEM_0010,2024-06-15,24
